transaction_id,customer_id,date,order_value,product_category,is_return
T01467,C0061,2023-12-10,121.37,Home & Living,False
T01419,C0124,2023-12-14,110.28,Beauty,False
T00582,C0155,2024-02-10,40.69,Clothing,False
T01518,C0111,2024-02-17,43.91,Electronics,True
T01232,C0171,2024-03-31,89.74,Home & Living,False
T01519,C0388,2024-03-11,53.39,Clothing,False
T01457,C0155,2023-07-24,215.21,Clothing,False
T00545,C0183,2023-08-07,68.4,Beauty,True
T01909,C0401,2024-04-07,325.22,Home & Living,False
T01659,C0302,2023-04-10,89.85,Clothing,True
T01160,C0211,2024-05-17,82.69,Electronics,False
T00866,C0295,2024-01-13,98.82,Clothing,False
T01113,C0042,2022-09-14,83.63,Electronics,False
T00407,C0015,2023-11-16,214.9,Clothing,False
T01613,C0197,2022-06-14,15.27,Sports,False
T00433,C0269,2024-06-12,49.25,Clothing,True
T01005,C0251,2024-03-05,318.48,Clothing,False
T00390,C0302,2023-11-10,260.46,Home & Living,False
T00671,C0325,2024-01-29,74.5,Home & Living,False
T00282,C0133,2023-10-02,54.24,Electronics,False
T00621,C0214,2024-06-04,33.58,Clothing,False
T00180,C0088,2023-10-27,166.77,Clothing,False
T00528,C0345,2023-10-18,60.45,Clothing,False
T00097,C0088,2023-01-11,64.72,Home & Living,False
T00787,C0294,2022-08-10,55.65,Clothing,False
T01585,C0186,2023-11-17,40.4,Electronics,False
T01502,C0477,2023-05-03,54.37,Clothing,False
T00481,C0380,2024-06-10,168.87,Home & Living,False
T01476,C0170,2023-08-28,65.7,Electronics,False
T01715,C0112,2023-12-06,30.64,Home & Living,False
T00602,C0031,2023-08-07,136.09,Clothing,False
T01456,C0049,2022-06-08,89.89,Home & Living,False
T01103,C0099,2024-03-20,79.34,Electronics,False
T00757,C0171,2023-11-24,170.42,Clothing,False
T00361,C0202,2024-02-05,49.56,Beauty,False
T02080,C0291,2023-04-27,40.55,Beauty,False
T00945,C0371,2022-05-10,43.98,Electronics,False
T00030,C0232,2023-12-13,359.58,Clothing,False
T00539,C0022,2024-01-24,82.77,Clothing,False
T00631,C0489,2024-06-06,24.52,Clothing,True
T00255,C0367,2023-12-28,51.03,Sports,False
T00496,C0188,2023-07-15,47.25,Home & Living,False
T00439,C0228,2024-03-18,98.56,Food & Grocery,False
T00953,C0368,2023-09-28,132.22,Clothing,False
T01390,C0210,2023-05-10,143.37,Beauty,False
T00520,C0390,2023-08-12,60.41,Home & Living,False
T01867,C0078,2024-05-30,115.4,Home & Living,False
T01405,C0441,2023-09-11,88.46,Food & Grocery,False
T00101,C0203,2023-06-06,245.19,Electronics,False
T01174,C0211,2024-05-28,71.46,Food & Grocery,False
T01859,C0193,2023-11-03,252.74,Electronics,False
T00810,C0108,2023-08-14,56.05,Electronics,False
T01819,C0035,2023-07-15,313.63,,False
T00529,C0171,2024-01-15,32.64,Electronics,False
T01764,C0263,2023-05-18,50.72,Electronics,True
T00383,C0361,2024-05-14,239.65,Beauty,False
T01838,C0127,2023-12-09,59.03,Electronics,False
T01623,C0384,2023-04-11,94.28,Electronics,False
T01712,C0152,2023-08-19,153.44,Beauty,False
T01737,C0368,2024-06-22,5500.0,Clothing,False
T00308,C0267,2024-02-13,109.9,Beauty,False
T01001,C0361,2024-04-03,100.96,Home & Living,False
T01194,C0398,2023-11-13,162.0,Beauty,False
T01252,C0133,2022-06-02,83.21,Beauty,False
T01023,C0206,2023-08-18,22.57,Clothing,False
T02146,C0063,2024-02-18,10.0,Clothing,False
T00169,C0093,2024-05-16,131.69,Clothing,False
T01316,C0373,2024-06-09,147.34,Clothing,False
T00219,C0068,2023-02-22,146.49,Electronics,True
T00185,C0269,2023-04-08,69.16,Clothing,False
T01208,C0361,2024-01-08,14.28,Food & Grocery,False
T00368,C0500,2023-04-03,90.96,Electronics,False
T00508,C0460,2024-01-26,159.7,,False
T00354,C0293,2023-06-29,110.72,Electronics,False
T00298,C0119,2022-10-27,72.1,Beauty,False
T00856,C0175,2024-04-28,45.19,Electronics,False
T00325,C0197,2022-11-12,13.36,Home & Living,True
T00652,C0214,2024-02-09,285.3,Home & Living,False
T02051,C0336,2024-06-04,598.2,Electronics,False
T00322,C0416,2022-05-05,129.09,Home & Living,False
T00112,C0242,2024-02-14,713.6,Electronics,False
T01274,C0368,2024-06-04,30.83,Clothing,False
T01537,C0274,2023-02-06,199.87,Food & Grocery,False
T00994,C0079,2024-05-04,44.85,Clothing,True
T00333,C0465,2024-03-05,66.49,Beauty,False
T00352,C0044,2022-04-28,161.23,Sports,False
T00423,C0112,2023-12-03,335.24,Clothing,False
T01609,C0370,2023-08-16,337.13,Beauty,False
T00074,C0361,2024-03-30,73.29,Clothing,True
T00799,C0302,2023-06-14,63.02,Clothing,False
T01182,C0063,2022-04-04,82.19,,False
T01925,C0291,2023-12-22,70.3,Beauty,False
T00737,C0370,2024-02-12,25.61,Clothing,False
T01238,C0212,2024-03-11,32.19,Beauty,False
T00252,C0374,2024-03-07,59.21,Home & Living,False
T00299,C0415,2023-05-14,39.29,Food & Grocery,False
T01860,C0031,2024-05-10,94.08,Clothing,True
T00591,C0155,2022-10-16,86.82,Food & Grocery,False
T00966,C0210,2024-01-02,48.3,Food & Grocery,False
T01526,C0120,2024-01-14,100.95,Home & Living,False
T01398,C0490,2023-11-23,219.13,Clothing,False
T01834,C0484,2023-06-27,212.49,Electronics,False
T00998,C0120,2023-08-09,43.19,Electronics,False
T00290,C0388,2024-04-22,29.21,Home & Living,False
T01500,C0232,2023-04-15,114.35,Clothing,True
T02147,C0173,2023-11-16,203.83,Sports,False
T01129,C0369,2024-03-24,286.88,Beauty,False
T00388,C0157,2023-09-25,131.0,Clothing,False
T00421,C0012,2024-01-05,411.67,Clothing,False
T00071,C0051,2024-06-06,382.25,Beauty,False
T01286,C0036,2023-05-27,43.89,Clothing,False
T00410,C0497,2023-08-26,40.51,Food & Grocery,False
T01933,C0368,2023-12-17,27.98,Clothing,False
T00495,C0088,2022-12-12,44.67,Home & Living,False
T00880,C0293,2023-10-03,173.1,Home & Living,False
T02092,C0019,2023-08-25,49.92,Electronics,False
T01308,C0410,2023-11-23,61.17,Clothing,False
T01346,C0133,2022-06-23,73.23,Clothing,False
T01927,C0119,2022-06-20,100.53,Clothing,False
T02137,C0473,2022-06-24,46.54,Clothing,False
T00248,C0111,2023-04-08,225.93,Home & Living,False
T00070,C0087,2024-01-08,193.71,Sports,False
T01315,C0300,2024-02-16,20.83,Clothing,False
T01284,C0091,2023-12-06,185.19,Food & Grocery,False
T00555,C0449,2023-04-03,123.43,Home & Living,False
T00110,C0267,2024-05-17,160.66,Electronics,False
T01056,C0429,2024-05-20,24.21,Electronics,False
T01630,C0276,2024-04-23,156.01,Food & Grocery,False
T01288,C0402,2023-06-26,62.24,Beauty,False
T00068,C0022,2024-03-28,125.55,Electronics,False
T01421,C0304,2024-01-28,71.5,Electronics,False
T00135,C0099,2024-03-28,259.35,Electronics,False
T01183,C0341,2023-08-09,80.24,Home & Living,False
T01117,C0372,2022-06-09,186.45,Home & Living,False
T01375,C0063,2024-04-22,52.01,Home & Living,False
T02049,C0208,2024-03-08,32.58,Beauty,False
T00809,C0214,2024-04-16,117.96,Clothing,False
T00232,C0133,2022-04-24,102.45,Beauty,False
T00680,C0061,2023-11-09,56.09,Beauty,False
T01751,C0160,2023-06-17,16.65,Electronics,False
T01962,C0247,2024-06-11,45.92,Beauty,False
T01293,C0143,2023-03-25,37.39,Clothing,False
T00241,C0276,2023-07-25,34.81,Clothing,False
T01249,C0318,2024-04-10,63.42,Home & Living,False
T00904,C0048,2023-10-10,608.12,Home & Living,False
T01290,C0031,2023-11-13,117.77,Food & Grocery,False
T02033,C0024,2024-04-09,84.31,Electronics,False
T00234,C0369,2023-10-26,101.44,Clothing,False
T01756,C0088,2024-04-30,32.18,Home & Living,False
T01968,C0276,2024-02-25,148.4,Home & Living,False
T00136,C0363,2023-07-28,78.63,Clothing,False
T00197,C0017,2023-09-15,24.4,Home & Living,False
T01904,C0017,2024-05-05,98.86,Home & Living,True
T00276,C0335,2023-11-16,55.13,Home & Living,False
T01538,C0446,2022-12-25,221.82,Clothing,False
T01832,C0099,2023-12-27,194.39,Clothing,False
T00868,C0363,2023-09-10,26.97,Electronics,True
T00675,C0454,2024-04-25,104.32,Clothing,False
T01880,C0186,2023-06-04,48.13,,False
T01450,C0082,2024-02-14,105.92,Beauty,True
T00369,C0206,2023-09-07,77.99,Beauty,False
T00633,C0318,2024-04-24,114.2,Electronics,False
T00362,C0211,2024-04-05,53.03,Clothing,False
T00129,C0293,2023-11-11,55.47,Sports,False
T00942,C0089,2023-09-29,108.25,,False
T00965,C0234,2024-04-12,306.21,Clothing,False
T00562,C0269,2023-08-13,357.0,Electronics,False
T00606,C0367,2023-03-12,69.75,Electronics,False
T01653,C0415,2022-12-12,46.07,Home & Living,False
T00052,C0241,2024-01-05,37.98,Home & Living,False
T01955,C0179,2024-05-07,210.4,Sports,False
T01305,C0063,2023-11-21,34.25,Home & Living,False
T01592,C0111,2023-11-04,48.76,Clothing,False
T01474,C0361,2024-05-21,48.91,Food & Grocery,False
T01069,C0227,2023-12-12,174.77,Electronics,False
T01666,C0368,2023-10-10,55.81,Sports,False
T02132,C0215,2023-10-31,53.87,Clothing,False
T02199,C0077,2023-03-16,34.69,Clothing,False
T00409,C0211,2024-05-06,112.0,Electronics,False
T01563,C0353,2023-09-08,117.53,Electronics,False
T01603,C0375,2024-05-12,114.18,Electronics,True
T00533,C0382,2023-07-31,117.37,Food & Grocery,False
T00291,C0466,2024-04-22,63.21,Home & Living,False
T02081,C0361,2024-05-02,156.11,Electronics,False
T01337,C0229,2024-02-01,199.9,Clothing,True
T00431,C0042,2022-09-08,57.83,Sports,False
T02117,C0255,2022-12-05,38.72,Home & Living,True
T00544,C0112,2023-11-30,55.53,Sports,False
T00427,C0004,2022-12-24,53.76,Food & Grocery,False
T02127,C0240,2023-02-15,212.76,Food & Grocery,False
T00813,C0143,2023-11-29,155.82,Beauty,False
T01793,C0057,2024-03-15,27.88,Clothing,False
T02037,C0272,2023-06-20,129.04,Sports,False
T01303,C0096,2024-05-23,78.68,Clothing,False
T01492,C0077,2024-06-18,68.33,Sports,False
T00933,C0088,2023-02-19,79.03,Beauty,False
T01750,C0415,2023-12-11,44.15,Food & Grocery,False
T02015,C0210,2023-11-28,270.34,Clothing,False
T01799,C0302,2023-06-07,760.16,Beauty,False
T00260,C0175,2022-11-21,35.05,Clothing,False
T01861,C0229,2023-12-04,463.57,Clothing,True
T00597,C0302,2023-05-21,142.07,Home & Living,False
T01658,C0044,2022-08-27,27.52,Clothing,False
T00189,C0048,2024-06-07,18.19,Food & Grocery,False
T01749,C0094,2024-03-02,45.25,Clothing,True
T01495,C0415,2023-03-29,58.2,Electronics,False
T01191,C0057,2024-02-08,832.12,Electronics,True
T01743,C0154,2023-11-22,126.21,Beauty,False
T01042,C0276,2023-12-20,37.42,Electronics,False
T01285,C0089,2024-03-25,168.56,Clothing,False
T00773,C0035,2023-09-21,97.74,,False
T01878,C0497,2024-04-15,42.7,Beauty,False
T00049,C0083,2024-05-07,39.62,Sports,False
T02176,C0500,2023-11-11,114.56,Home & Living,False
T02102,C0500,2023-12-02,90.88,Clothing,True
T00760,C0482,2024-04-15,37.37,Clothing,False
T00980,C0234,2024-05-02,193.38,Sports,False
T01314,C0279,2024-02-08,13.4,Beauty,False
T00121,C0435,2024-05-28,53.9,Home & Living,False
T02025,C0096,2024-06-13,93.17,Clothing,False
T00212,C0126,2024-03-28,36.58,Beauty,False
T01783,C0259,2023-04-25,254.68,Clothing,False
T01460,C0202,2022-10-22,75.17,Sports,False
T00057,C0468,2024-01-10,113.61,Electronics,False
T01768,C0497,2023-10-20,36.42,Clothing,False
T00857,C0383,2023-02-06,514.32,Home & Living,False
T02091,C0124,2024-02-08,117.8,Food & Grocery,False
T01652,C0085,2023-12-02,28.59,Food & Grocery,False
T00793,C0280,2023-02-28,50.74,Home & Living,False
T00589,C0368,2023-09-22,88.74,Beauty,False
T01901,C0211,2024-03-23,307.61,Electronics,False
T01879,C0372,2023-03-27,14.46,Home & Living,False
T01731,C0210,2023-06-21,202.08,Clothing,False
T00384,C0453,2024-01-01,76.85,Electronics,False
T01533,C0170,2022-12-10,74.42,Sports,False
T00530,C0395,2024-03-11,78.68,Sports,False
T00304,C0407,2024-06-22,49.48,Electronics,False
T00745,C0029,2023-11-28,44.04,Clothing,False
T02007,C0259,2023-04-09,410.88,Clothing,False
T01655,C0078,2024-05-16,28.81,Electronics,False
T00479,C0133,2022-11-30,68.59,Clothing,False
T01581,C0048,2022-12-19,22.91,Electronics,False
T01565,C0240,2023-08-05,60.38,Food & Grocery,False
T01870,C0078,2023-10-13,116.51,Electronics,False
T00638,C0294,2023-05-27,73.22,Sports,False
T00943,C0027,2023-05-02,36.35,Home & Living,False
T00045,C0466,2024-02-11,605.09,Electronics,False
T00164,C0302,2023-03-31,106.51,Electronics,False
T01345,C0368,2023-07-04,211.09,Clothing,False
T01938,C0206,2024-01-22,85.54,Home & Living,False
T01747,C0031,2024-04-11,35.47,Electronics,False
T00193,C0100,2023-09-05,102.93,Clothing,False
T01164,C0351,2024-04-02,255.92,Clothing,True
T00782,C0234,2024-04-29,166.85,Sports,False
T00619,C0474,2023-04-09,92.14,Electronics,False
T01916,C0229,2024-03-02,245.58,Home & Living,False
T01477,C0308,2023-10-16,122.24,Home & Living,False
T01030,C0112,2023-11-27,250.35,Electronics,False
T00283,C0383,2023-08-24,45.58,Sports,True
T00486,C0049,2022-06-12,22.32,Food & Grocery,False
T02161,C0031,2024-04-27,149.64,Electronics,False
T00231,C0455,2024-04-24,51.44,Home & Living,False
T00681,C0133,2024-06-13,119.9,,False
T00417,C0410,2024-05-25,52.75,Beauty,False
T01553,C0063,2024-01-14,283.57,Home & Living,False
T01825,C0234,2024-06-21,33.01,Clothing,False
T00940,C0358,2024-04-05,50.68,,False
T01034,C0014,2022-05-12,193.65,Food & Grocery,False
T00240,C0361,2024-05-04,115.49,Beauty,False
T00100,C0361,2024-03-01,453.99,Clothing,False
T01059,C0140,2023-05-28,72.79,Clothing,False
T01782,C0368,2023-12-04,194.77,Electronics,False
T02013,C0112,2024-01-08,78.67,Home & Living,False
T01976,C0092,2023-12-23,136.04,Clothing,False
T01019,C0371,2024-04-30,321.54,Electronics,False
T00892,C0203,2024-06-21,203.57,Electronics,False
T00355,C0201,2023-11-08,234.26,Clothing,True
T00753,C0276,2024-02-28,246.19,Home & Living,False
T00125,C0325,2023-10-14,328.66,Clothing,False
T01852,C0193,2024-04-12,92.36,Sports,False
T00186,C0283,2023-11-17,343.74,Beauty,False
T00472,C0126,2023-12-18,179.8,Beauty,False
T00351,C0116,2024-05-25,100.33,Clothing,False
T00066,C0227,2023-11-09,38.14,Home & Living,False
T00509,C0446,2024-05-18,22.55,Clothing,False
T00411,C0215,2024-06-08,89.82,Electronics,False
T00742,C0031,2024-06-01,11.97,Home & Living,True
T01423,C0120,2023-11-09,72.53,Clothing,False
T00964,C0481,2024-02-12,106.52,Beauty,False
T01048,C0210,2023-10-02,99.82,Clothing,False
T00436,C0175,2022-09-02,22.33,Clothing,False
T00722,C0363,2023-09-01,274.23,Clothing,False
T00635,C0267,2024-02-16,71.67,Clothing,False
T00220,C0410,2024-01-29,57.64,Home & Living,False
T01673,C0410,2024-01-01,35.82,Sports,False
T01323,C0310,2024-05-06,44.31,Home & Living,False
T01804,C0041,2023-03-08,68.46,Food & Grocery,False
T01319,C0035,2024-01-08,74.05,Clothing,False
T00213,C0416,2022-08-22,37.45,Home & Living,False
T02119,C0455,2023-11-26,84.26,Home & Living,False
T01992,C0310,2024-01-19,162.85,Clothing,False
T01671,C0202,2023-04-13,128.23,Electronics,False
T02002,C0241,2023-12-31,85.99,Sports,False
T00980,C0234,2024-05-02,193.38,Sports,False
T01611,C0190,2024-05-19,87.74,Clothing,False
T01839,C0068,2023-03-20,89.65,Home & Living,False
T00565,C0083,2024-05-18,62.91,Clothing,False
T01815,C0119,2023-06-21,264.9,Clothing,False
T00211,C0358,2022-12-24,33.32,Food & Grocery,False
T01197,C0059,2023-11-20,501.03,Home & Living,False
T00300,C0083,2024-01-16,76.5,Electronics,False
T00307,C0401,2024-03-16,113.84,Sports,False
T00487,C0175,2023-12-16,55.36,Clothing,False
T00716,C0027,2023-08-07,41.1,Clothing,False
T00950,C0024,2024-05-17,50.33,Electronics,False
T01134,C0361,2024-05-11,127.61,Sports,False
T00221,C0229,2024-04-15,56.31,Home & Living,True
T01539,C0382,2023-09-08,36.46,Sports,False
T00238,C0063,2022-05-23,161.81,Electronics,False
T00818,C0063,2022-07-27,148.19,Clothing,False
T01407,C0303,2024-05-19,292.98,Beauty,False
T02174,C0090,2023-01-01,274.88,Home & Living,False
T02083,C0418,2023-12-04,45.46,Electronics,False
T02120,C0369,2024-02-04,166.66,Clothing,False
T00786,C0175,2024-05-09,175.37,Home & Living,False
T02144,C0102,2024-01-20,118.06,Electronics,False
T01574,C0310,2024-05-28,52.23,Sports,False
T00451,C0062,2024-03-11,152.57,Electronics,False
T00014,C0246,2023-09-07,40.6,Beauty,False
T00720,C0016,2024-06-30,116.4,Home & Living,False
T00297,C0330,2024-06-02,54.44,Clothing,False
T01085,C0293,2022-09-30,55.48,Electronics,False
T02014,C0214,2024-05-29,145.9,Electronics,False
T01980,C0031,2024-05-06,265.72,Clothing,False
T01814,C0173,2024-02-12,228.43,Sports,False
T00404,C0234,2024-03-07,163.63,Home & Living,False
T00860,C0088,2024-03-21,194.64,Beauty,False
T00515,C0133,2024-04-26,31.34,Clothing,False
T00603,C0192,2023-08-26,41.06,Home & Living,True
T01246,C0214,2024-03-28,262.32,Clothing,False
T00343,C0155,2024-02-14,102.75,Clothing,False
T01675,C0049,2023-11-30,122.58,Clothing,False
T01714,C0276,2023-12-28,62.54,Clothing,False
T00986,C0465,2022-09-17,75.48,Clothing,False
T02085,C0371,2022-08-29,157.46,Electronics,False
T01041,C0068,2023-10-20,57.87,Clothing,False
T00204,C0422,2024-06-07,42.86,Beauty,False
T01420,C0442,2023-09-06,21.45,Beauty,False
T01906,C0267,2024-03-24,42.46,Clothing,False
T01425,C0024,2024-02-07,322.25,Beauty,False
T01458,C0490,2022-11-12,597.24,Home & Living,False
T00415,C0258,2024-03-06,41.1,Clothing,False
T02054,C0415,2022-12-12,65.0,Electronics,True
T00317,C0057,2024-05-31,77.74,Beauty,False
T01811,C0078,2023-05-24,38.37,Home & Living,False
T00106,C0039,2022-11-27,46.76,Clothing,False
T01866,C0383,2023-07-12,123.91,Sports,False
T00122,C0498,2024-06-02,152.51,Clothing,False
T01035,C0310,2024-01-31,10.28,Clothing,False
T01195,C0302,2023-04-15,17.09,,False
T01090,C0405,2024-03-10,201.4,Clothing,False
T00922,C0063,2022-11-18,116.3,Clothing,False
T01765,C0124,2024-06-13,17.71,Beauty,False
T01369,C0050,2024-03-28,91.44,Clothing,True
T01166,C0372,2022-05-30,29.07,Electronics,False
T00116,C0189,2022-11-12,168.46,Electronics,False
T00077,C0112,2024-04-10,29.42,Home & Living,False
T01466,C0036,2023-04-08,17.47,Home & Living,False
T01771,C0031,2022-11-13,48.14,Beauty,True
T01201,C0121,2023-10-24,184.69,Food & Grocery,False
T02078,C0369,2024-03-19,112.4,Electronics,False
T02116,C0034,2024-02-02,51.26,Sports,False
T00531,C0096,2024-04-17,95.08,Clothing,False
T01068,C0133,2022-07-31,123.36,Food & Grocery,False
T00708,C0125,2024-04-01,51.51,Sports,False
T00949,C0206,2024-04-18,138.02,Home & Living,False
T00982,C0135,2024-03-26,86.77,,False
T00743,C0398,2023-02-22,79.71,Food & Grocery,False
T00650,C0293,2023-10-26,74.85,Clothing,False
T01503,C0410,2023-10-21,179.72,Home & Living,False
T01738,C0096,2023-12-27,36.58,Beauty,False
T01427,C0302,2024-02-11,282.85,Food & Grocery,False
T01333,C0444,2023-10-14,193.72,Home & Living,False
T01614,C0371,2022-08-21,35.36,Beauty,False
T01464,C0126,2024-04-12,87.24,Sports,False
T00963,C0450,2023-12-05,48.94,Sports,False
T00179,C0276,2024-01-15,68.19,Clothing,False
T02142,C0127,2023-05-06,59.62,Electronics,False
T01227,C0310,2024-03-18,88.28,Beauty,False
T01179,C0206,2023-08-06,100.61,Sports,True
T00586,C0159,2023-07-01,120.71,Home & Living,False
T01746,C0363,2023-09-11,113.3,Electronics,True
T01242,C0247,2023-11-25,46.94,Food & Grocery,False
T01577,C0372,2023-09-27,172.32,Clothing,False
T01028,C0155,2024-01-30,228.99,Home & Living,False
T01353,C0274,2024-01-07,48.95,Electronics,False
T01111,C0382,2022-12-12,67.36,Clothing,False
T02184,C0014,2023-05-01,43.48,Food & Grocery,False
T01959,C0247,2024-03-29,45.95,Sports,False
T01942,C0186,2023-02-09,81.29,Clothing,False
T02166,C0111,2024-04-08,158.55,Clothing,False
T01235,C0211,2024-02-09,43.72,Clothing,False
T01843,C0374,2023-12-27,159.46,Clothing,True
T01979,C0211,2024-03-13,59.0,Clothing,False
T01339,C0077,2023-08-23,85.36,Home & Living,False
T00064,C0310,2024-03-07,42.82,Beauty,False
T00694,C0325,2023-11-15,41.15,Clothing,True
T00446,C0140,2024-06-17,107.39,Clothing,False
T01908,C0318,2024-05-03,76.35,Sports,False
T00926,C0108,2023-03-04,68.96,Clothing,False
T01158,C0140,2023-05-15,58.96,Sports,False
T01302,C0325,2024-05-09,32.6,Home & Living,False
T02101,C0402,2023-04-08,440.06,Clothing,False
T01356,C0124,2024-02-11,51.27,Clothing,False
T01990,C0126,2024-01-31,49.89,Electronics,False
T01177,C0309,2024-03-28,156.45,Beauty,False
T01317,C0351,2024-01-07,206.39,Home & Living,False
T00846,C0382,2023-02-23,175.87,Food & Grocery,False
T01693,C0205,2024-06-23,92.36,Electronics,False
T01165,C0057,2024-04-05,60.75,Clothing,False
T00206,C0274,2023-08-24,27.17,Beauty,False
T00536,C0422,2024-04-25,136.89,Beauty,False
T01454,C0392,2024-03-30,521.82,Beauty,False
T00995,C0479,2024-03-07,160.72,Beauty,False
T00893,C0229,2024-03-22,67.32,Beauty,False
T01983,C0255,2023-05-15,92.52,Home & Living,False
T00434,C0126,2024-06-05,122.26,Clothing,False
T02027,C0363,2023-07-08,17.25,Clothing,False
T00862,C0103,2023-01-04,123.89,Food & Grocery,False
T00024,C0190,2023-03-25,120.78,Electronics,False
T01887,C0310,2023-08-17,90.9,Sports,False
T00428,C0133,2023-11-16,10.06,Beauty,False
T00766,C0303,2024-05-18,45.21,Sports,False
T00612,C0096,2024-01-13,78.93,Electronics,False
T00199,C0325,2024-04-11,21.21,Sports,False
T00050,C0063,2023-10-17,94.62,Sports,False
T00174,C0293,2023-10-04,233.84,Sports,False
T01362,C0482,2023-02-05,84.78,Clothing,False
T01967,C0361,2024-01-03,91.69,Electronics,False
T01076,C0276,2024-05-14,195.49,Sports,False
T00309,C0091,2024-02-14,69.32,Home & Living,False
T01324,C0133,2023-04-25,68.99,Clothing,False
T00630,C0027,2024-05-08,97.1,Food & Grocery,False
T01729,C0268,2022-09-27,54.24,Electronics,False
T00060,C0269,2023-11-16,34.5,Electronics,True
T00072,C0474,2023-04-24,134.95,Electronics,False
T00480,C0230,2023-05-12,108.34,Electronics,True
T01985,C0112,2024-05-02,115.33,Beauty,False
T00648,C0144,2024-02-23,67.44,Beauty,False
T00696,C0294,2024-03-23,21.36,Electronics,False
T00768,C0215,2023-12-18,102.86,Clothing,False
T00908,C0267,2023-11-09,216.54,Clothing,False
T01597,C0154,2024-05-14,118.73,Home & Living,False
T01193,C0415,2023-10-19,30.48,Beauty,False
T00163,C0049,2022-09-22,214.3,Electronics,False
T01558,C0372,2023-06-08,84.36,Electronics,False
T01791,C0211,2024-03-29,31.0,Home & Living,False
T01827,C0272,2023-08-14,29.32,Home & Living,False
T01813,C0114,2023-03-08,415.55,Electronics,False
T02008,C0211,2024-03-15,82.18,Electronics,False
T02067,C0181,2024-05-17,85.98,Clothing,False
T00257,C0406,2023-08-17,66.29,Beauty,False
T02073,C0038,2023-04-11,109.52,Electronics,False
T01728,C0263,2023-09-27,381.63,Clothing,False
T00441,C0057,2024-05-07,77.43,Food & Grocery,False
T00583,C0481,2023-03-14,91.5,Clothing,False
T00669,C0272,2023-07-17,102.36,Clothing,False
T00483,C0310,2024-06-27,10.0,Electronics,False
T00728,C0112,2024-03-18,46.18,Electronics,False
T00622,C0430,2024-04-22,52.06,Sports,False
T02040,C0274,2022-10-27,27.57,Clothing,False
T01287,C0283,2023-09-21,48.77,Beauty,True
T00021,C0096,2023-12-07,107.22,,False
T00817,C0096,2024-01-27,337.87,Electronics,False
T01044,C0281,2023-02-16,401.0,Clothing,False
T01593,C0019,2023-11-29,72.85,Home & Living,False
T00382,C0042,2024-05-25,342.39,Clothing,False
T01163,C0415,2023-07-20,66.0,Sports,False
T00788,C0048,2024-06-10,228.77,Sports,False
T01361,C0083,2024-01-10,68.13,Sports,False
T01713,C0228,2024-02-05,30.57,Electronics,False
T00553,C0062,2024-01-02,178.64,Food & Grocery,False
T00084,C0446,2023-06-04,151.95,Home & Living,False
T00462,C0410,2024-02-12,21.68,Clothing,False
T01991,C0112,2024-03-05,155.91,Home & Living,True
T00841,C0152,2022-07-30,36.92,Clothing,False
T00747,C0405,2024-01-21,78.19,Clothing,False
T00730,C0206,2023-12-25,67.99,Clothing,False
T01300,C0279,2023-08-02,99.42,Clothing,False
T01132,C0126,2024-01-14,291.03,Clothing,False
T02104,C0140,2024-03-31,267.05,Clothing,False
T00375,C0103,2022-06-06,79.18,Clothing,False
T00271,C0410,2023-11-20,52.0,Electronics,False
T01203,C0465,2023-12-08,59.74,Clothing,False
T01270,C0091,2022-11-19,61.98,Beauty,False
T00930,C0155,2023-05-02,87.16,Food & Grocery,False
T01781,C0174,2023-05-24,63.87,Electronics,False
T00465,C0370,2023-10-20,355.22,Sports,False
T01790,C0383,2023-01-06,157.91,Clothing,False
T01367,C0091,2023-08-12,68.62,Beauty,False
T01886,C0403,2022-11-17,57.74,Home & Living,False
T00430,C0111,2022-09-30,308.67,Clothing,False
T00987,C0152,2022-07-20,94.72,Clothing,False
T00026,C0215,2024-02-16,18.84,Sports,False
T00924,C0372,2024-05-31,100.2,Clothing,False
T01509,C0019,2024-05-04,122.56,Clothing,False
T00459,C0112,2024-04-21,123.01,Clothing,False
T00830,C0444,2024-06-14,65.68,Beauty,False
T00695,C0302,2023-12-15,29.81,Clothing,False
T00079,C0088,2022-09-29,103.95,Home & Living,False
T00367,C0293,2024-03-17,220.28,Beauty,False
T01510,C0283,2024-06-18,157.93,Sports,False
T00033,C0276,2023-12-05,140.45,Clothing,False
T01741,C0202,2024-03-31,191.99,Beauty,False
T01447,C0068,2022-06-13,47.1,Home & Living,False
T01936,C0276,2024-05-22,22.81,Beauty,False
T01055,C0157,2023-04-01,44.04,Clothing,False
T00850,C0126,2024-01-03,46.08,Clothing,False
T01733,C0175,2023-05-27,33.26,Clothing,False
T01491,C0202,2023-11-21,110.59,Beauty,False
T00306,C0083,2024-04-03,88.5,Sports,False
T00210,C0500,2022-05-27,320.91,Electronics,False
T01865,C0371,2022-06-28,223.61,Sports,False
T01282,C0280,2023-09-29,81.24,,False
T02196,C0049,2023-07-25,179.69,Home & Living,False
T00840,C0125,2023-09-19,35.3,Clothing,False
T00556,C0079,2023-06-22,64.03,Home & Living,False
T00549,C0049,2023-07-07,48.48,Sports,False
T01642,C0259,2023-11-29,43.57,Electronics,False
T01605,C0029,2023-10-30,16.46,,True
T02179,C0171,2024-01-02,91.33,Home & Living,False
T00484,C0078,2023-07-21,267.03,Electronics,False
T01125,C0015,2022-11-07,55.96,Electronics,False
T00887,C0341,2023-02-16,90.16,Home & Living,False
T00600,C0405,2023-11-30,178.14,Electronics,False
T01087,C0099,2024-02-11,138.37,Clothing,False
T01462,C0497,2023-11-04,105.02,Clothing,False
T00412,C0497,2023-07-11,58.76,Home & Living,False
T02075,C0206,2024-01-13,54.46,Electronics,False
T01104,C0199,2024-03-03,115.2,Electronics,False
T01702,C0473,2024-06-17,394.3,Home & Living,False
T01709,C0406,2024-05-23,59.07,Home & Living,False
T01548,C0152,2024-02-20,92.38,Clothing,False
T01205,C0400,2022-08-15,273.75,Beauty,False
T01950,C0133,2023-06-01,119.46,Sports,False
T00448,C0374,2023-06-08,66.5,,False
T02065,C0094,2022-11-11,89.15,Beauty,False
T01365,C0327,2024-02-08,220.47,Clothing,False
T00772,C0449,2023-09-02,47.62,Clothing,False
T01966,C0455,2023-11-16,19.16,Clothing,False
T00858,C0206,2023-11-07,105.16,Clothing,False
T00046,C0403,2023-10-30,174.48,Clothing,False
T01845,C0341,2023-06-30,158.53,Home & Living,False
T01455,C0175,2023-08-14,166.33,Home & Living,False
T00295,C0351,2024-05-11,196.53,Clothing,False
T01667,C0063,2024-03-09,27.21,Sports,False
T02139,C0204,2023-08-25,50.78,Clothing,False
T00572,C0361,2024-04-27,93.17,Sports,False
T01512,C0241,2024-04-04,52.85,Food & Grocery,False
T01721,C0469,2023-01-23,104.54,Clothing,False
T00437,C0415,2022-11-04,124.9,Food & Grocery,False
T00842,C0349,2024-03-11,54.34,Electronics,False
T00394,C0499,2022-09-19,150.05,Electronics,False
T00875,C0190,2024-01-22,28.75,Clothing,False
T00535,C0057,2024-05-17,353.83,Home & Living,False
T00031,C0041,2023-03-03,54.15,Clothing,False
T00651,C0188,2022-10-18,217.58,Sports,False
T01704,C0189,2024-06-22,110.54,Clothing,False
T01006,C0196,2024-02-06,55.18,Beauty,False
T01152,C0031,2023-02-12,237.39,Home & Living,True
T01881,C0279,2023-06-19,166.19,Home & Living,False
T00870,C0039,2022-12-07,56.28,Sports,False
T00614,C0367,2022-07-25,46.11,Home & Living,False
T00345,C0208,2023-11-08,61.14,Electronics,False
T00557,C0482,2023-05-08,129.08,Beauty,False
T00839,C0461,2024-01-08,130.89,Food & Grocery,False
T01396,C0341,2023-04-03,29.3,Clothing,False
T01531,C0096,2024-06-07,131.44,Clothing,False
T00353,C0318,2023-10-04,149.92,Clothing,False
T00092,C0398,2022-12-12,58.51,Sports,False
T02038,C0363,2023-10-09,82.81,Clothing,False
T01700,C0458,2024-05-31,184.71,Food & Grocery,False
T00941,C0126,2023-12-28,56.24,Home & Living,False
T01849,C0096,2024-03-26,264.35,Clothing,False
T00262,C0041,2022-08-04,34.73,Clothing,False
T00811,C0298,2022-12-20,196.48,Clothing,False
T00863,C0143,2023-09-14,661.0,Electronics,False
T01624,C0407,2023-05-25,72.79,Electronics,False
T00568,C0173,2024-04-15,74.85,Electronics,False
T00618,C0356,2023-04-07,67.71,Electronics,False
T00932,C0218,2023-10-03,97.01,Beauty,False
T00931,C0497,2024-04-30,163.41,Food & Grocery,False
T01188,C0415,2022-05-24,249.18,Electronics,False
T01515,C0357,2023-01-17,190.35,Home & Living,False
T00301,C0031,2024-03-30,87.42,Home & Living,False
T00611,C0263,2024-02-01,407.79,,False
T01084,C0041,2023-01-14,189.26,Sports,False
T00907,C0043,2024-01-28,46.13,Sports,False
T00316,C0351,2023-10-23,333.42,,False
T01917,C0490,2023-02-16,170.81,Clothing,False
T00454,C0091,2022-09-27,96.98,Food & Grocery,False
T00176,C0206,2024-03-01,60.44,Sports,False
T01469,C0453,2024-03-31,56.1,Clothing,True
T02191,C0091,2023-09-17,43.28,Electronics,False
T01928,C0171,2024-06-16,19.91,Home & Living,False
T00124,C0164,2024-05-29,145.43,Home & Living,False
T02084,C0236,2024-01-11,53.81,Clothing,False
T00395,C0111,2023-08-11,85.55,Home & Living,False
T01221,C0488,2023-05-09,466.96,Electronics,False
T00756,C0057,2023-12-26,44.04,Clothing,False
T00040,C0029,2024-03-27,188.77,Food & Grocery,False
T00463,C0017,2023-02-06,42.44,Sports,False
T00637,C0361,2024-02-16,1073.46,Clothing,False
T00701,C0093,2023-04-05,243.4,Clothing,False
T00332,C0113,2023-10-18,203.83,Beauty,True
T00195,C0190,2024-01-15,58.46,Sports,False
T02108,C0196,2024-05-23,95.85,Beauty,False
T00323,C0361,2024-03-25,96.18,Beauty,False
T01660,C0119,2023-08-29,58.27,Electronics,False
T00267,C0387,2023-11-26,194.63,Clothing,False
T01105,C0351,2023-12-12,55.68,Beauty,False
T01717,C0219,2024-01-16,139.88,Food & Grocery,False
T00580,C0446,2023-09-03,97.43,Sports,False
T02149,C0105,2024-05-30,38.86,Home & Living,False
T01606,C0302,2024-02-01,125.32,Electronics,False
T01914,C0487,2024-04-06,231.36,Home & Living,False
T02059,C0234,2024-02-05,36.91,Food & Grocery,False
T00679,C0361,2023-12-09,33.71,Electronics,False
T00765,C0126,2024-04-11,22.16,Beauty,True
T01473,C0351,2023-10-22,65.71,Home & Living,False
T01777,C0234,2024-03-12,286.36,Clothing,False
T02138,C0180,2023-11-16,38.59,Clothing,False
T00917,C0126,2024-06-22,32.37,Home & Living,True
T00573,C0293,2024-01-24,204.03,Clothing,False
T01836,C0383,2023-02-13,70.93,Clothing,False
T01894,C0363,2024-02-15,116.71,Electronics,False
T00894,C0441,2023-12-11,178.31,Beauty,True
T01243,C0042,2023-12-02,67.19,Electronics,False
T00975,C0034,2024-03-03,47.38,Clothing,False
T01422,C0361,2023-11-26,109.51,,False
T01190,C0211,2024-01-29,50.56,Clothing,False
T01178,C0048,2023-11-30,63.06,Clothing,False
T01394,C0498,2024-02-08,49.5,Home & Living,True
T01487,C0422,2023-12-13,9800.0,Home & Living,False
T02182,C0432,2024-06-03,125.16,,False
T01388,C0124,2024-04-15,12000.0,Sports,False
T00366,C0140,2023-10-13,55.19,Home & Living,False
T00706,C0314,2023-05-05,55.71,Beauty,False
T01226,C0063,2023-08-01,248.23,Sports,False
T00820,C0370,2024-05-03,132.83,Clothing,False
T01224,C0310,2023-10-23,81.35,Electronics,False
T00584,C0210,2022-08-24,27.87,Clothing,False
T00808,C0368,2023-05-03,239.63,Clothing,False
T02072,C0211,2024-01-04,347.25,Home & Living,False
T01122,C0133,2023-12-17,104.45,Home & Living,False
T00938,C0031,2023-03-10,96.54,Food & Grocery,False
T01755,C0063,2022-09-05,211.67,Beauty,False
T01091,C0211,2024-01-03,57.07,Beauty,False
T01546,C0112,2023-11-13,35.5,Clothing,False
T01654,C0297,2024-04-28,16.68,Clothing,False
T00319,C0325,2024-03-12,61.2,Beauty,False
T00687,C0299,2024-01-14,936.19,Electronics,False
T00991,C0388,2023-10-23,409.02,Clothing,False
T00789,C0335,2024-04-13,23.73,Clothing,True
T01651,C0310,2023-11-11,128.17,Clothing,False
T01566,C0048,2024-02-20,234.57,Beauty,False
T00344,C0244,2024-04-08,29.8,Beauty,False
T00399,C0187,2024-05-11,87.94,Clothing,False
T00585,C0225,2023-10-30,21.86,Home & Living,False
T02105,C0435,2024-01-28,80.02,Clothing,True
T01147,C0279,2023-06-26,47.07,Beauty,True
T00293,C0410,2024-05-21,352.01,Home & Living,False
T00874,C0163,2022-11-12,44.14,Beauty,False
T01114,C0136,2024-02-29,37.88,Beauty,False
T01272,C0442,2023-09-06,11.08,Beauty,False
T01504,C0413,2023-11-15,10.32,Food & Grocery,False
T00142,C0344,2023-06-22,70.1,Clothing,False
T01074,C0199,2024-03-30,12.3,Beauty,False
T00003,C0200,2024-02-24,83.63,Sports,False
T00577,C0211,2024-03-10,143.09,Beauty,False
T01383,C0313,2022-12-24,22.18,Sports,False
T00340,C0488,2023-03-01,323.62,Electronics,False
T00890,C0171,2023-12-07,45.2,Clothing,False
T00266,C0136,2024-01-17,152.13,Home & Living,False
T00377,C0444,2022-11-25,38.69,Home & Living,False
T02135,C0093,2024-01-28,99.27,Beauty,False
T00440,C0150,2024-03-05,129.96,,False
T00272,C0369,2024-02-01,54.94,Food & Grocery,False
T00245,C0205,2023-12-26,45.55,Electronics,False
T00977,C0048,2022-10-30,215.28,Electronics,False
T01579,C0298,2023-07-02,942.3,Electronics,False
T00832,C0398,2023-01-24,115.02,Clothing,False
T00906,C0214,2024-05-03,72.36,Beauty,False
T00608,C0308,2023-11-07,84.44,Electronics,False
T00416,C0499,2023-06-04,18.81,Electronics,False
T00274,C0341,2023-07-16,68.3,Clothing,False
T01095,C0044,2022-06-21,66.09,Clothing,False
T00251,C0094,2023-01-30,59.07,Home & Living,False
T00414,C0113,2023-10-20,66.71,Sports,False
T01736,C0210,2023-05-12,58.5,Sports,False
T01564,C0202,2022-12-28,12.25,Sports,False
T00311,C0234,2024-03-23,302.58,Electronics,False
T01348,C0196,2023-08-21,133.37,Electronics,False
T00781,C0272,2024-02-26,31.29,Beauty,False
T00426,C0398,2024-02-14,50.44,Home & Living,False
T02150,C0372,2023-01-14,41.35,Electronics,False
T00927,C0083,2023-12-19,70.22,Food & Grocery,False
T01952,C0209,2024-03-23,102.58,Home & Living,True
T01621,C0377,2023-06-13,235.46,Home & Living,False
T01343,C0335,2022-10-29,127.85,Electronics,False
T01233,C0397,2024-02-20,25.23,Home & Living,False
T01018,C0172,2024-01-03,34.19,Food & Grocery,False
T00527,C0294,2024-02-01,245.7,Home & Living,False
T01180,C0126,2023-10-19,86.83,Clothing,False
T01452,C0051,2024-04-10,194.42,Clothing,False
T00183,C0112,2024-01-19,23.07,Clothing,False
T00171,C0412,2023-07-04,58.5,Electronics,False
T01481,C0500,2023-12-05,37.37,Sports,False
T00837,C0327,2023-10-22,226.36,Electronics,False
T00188,C0298,2024-02-18,15.47,Home & Living,False
T00620,C0205,2024-02-03,157.34,Beauty,False
T02098,C0218,2023-06-22,151.28,Beauty,True
T00159,C0283,2023-10-11,77.09,Beauty,True
T01524,C0398,2024-01-17,86.41,Clothing,False
T00273,C0077,2023-04-30,98.07,Sports,False
T00615,C0215,2024-06-20,115.17,Electronics,False
T01858,C0154,2023-07-31,45.46,Beauty,False
T01638,C0455,2023-09-11,316.69,Food & Grocery,False
T01545,C0211,2024-03-06,73.74,Electronics,False
T00372,C0033,2023-04-23,49.44,Clothing,False
T00223,C0112,2024-01-29,43.51,Sports,False
T00594,C0171,2023-12-04,30.42,Beauty,False
T01024,C0373,2024-06-10,429.38,Electronics,False
T00974,C0500,2023-10-15,92.56,,False
T00783,C0051,2023-11-22,90.1,Sports,False
T01937,C0415,2024-03-02,787.32,Sports,False
T00137,C0022,2023-12-03,95.93,Clothing,False
T00519,C0293,2022-09-27,120.04,Clothing,False
T01745,C0096,2024-05-15,67.1,Clothing,False
T00335,C0372,2022-12-25,127.06,Clothing,False
T01602,C0079,2022-10-19,76.99,Beauty,False
T01392,C0276,2024-03-18,227.12,Clothing,False
T01259,C0210,2023-11-11,133.37,Electronics,False
T01209,C0125,2024-06-21,46.68,Beauty,False
T00711,C0455,2023-04-09,54.14,Sports,False
T00016,C0325,2023-08-10,380.37,Beauty,False
T02126,C0449,2023-10-03,38.66,Home & Living,False
T01115,C0124,2023-09-17,65.19,Clothing,True
T01846,C0078,2023-01-08,167.59,Clothing,False
T02024,C0442,2024-02-22,42.74,Beauty,False
T00571,C0474,2024-02-02,80.17,Clothing,False
T00655,C0415,2024-06-02,12.83,Clothing,False
T01779,C0078,2023-09-07,63.83,Sports,False
T01582,C0151,2024-02-20,65.73,Food & Grocery,False
T00466,C0455,2023-01-01,83.26,Beauty,False
T01062,C0125,2023-07-08,87.72,Home & Living,False
T00200,C0382,2023-12-08,72.25,Clothing,True
T01599,C0335,2022-12-18,469.36,Clothing,False
T01436,C0439,2023-12-24,260.48,Clothing,True
T01264,C0112,2024-04-18,100.5,Beauty,False
T01092,C0102,2023-02-25,67.61,Sports,False
T02041,C0049,2024-01-13,100.66,Electronics,False
T01310,C0303,2023-11-14,52.94,Beauty,False
T01554,C0174,2023-06-28,113.05,Electronics,True
T01118,C0410,2024-02-29,77.73,Clothing,False
T00592,C0206,2023-12-18,33.57,Sports,False
T01176,C0026,2024-05-02,96.28,Clothing,False
T01677,C0415,2024-05-15,7200.0,Beauty,False
T01698,C0232,2023-01-25,71.23,Beauty,False
T01591,C0199,2024-05-02,184.08,Sports,False
T01562,C0449,2024-02-02,214.67,Clothing,False
T01701,C0234,2024-05-07,46.49,Food & Grocery,False
T00044,C0029,2023-07-13,166.77,Home & Living,False
T01279,C0264,2022-04-07,134.86,Clothing,False
T00275,C0465,2024-06-03,156.08,,False
T02133,C0302,2023-10-19,54.56,Sports,False
T00102,C0277,2023-06-20,48.27,Home & Living,False
T01135,C0342,2024-06-15,34.72,Home & Living,False
T01273,C0394,2023-02-17,27.52,Clothing,True
T01877,C0061,2023-06-29,25.61,Clothing,False
T00108,C0069,2023-04-09,58.07,Electronics,False
T01478,C0043,2023-01-27,31.51,Clothing,False
T00498,C0069,2024-04-01,86.88,Food & Grocery,False
T01459,C0303,2022-11-08,28.47,Electronics,False
T02030,C0423,2024-03-30,17.81,Electronics,False
T01334,C0099,2024-03-05,153.06,Electronics,False
T00999,C0210,2023-08-20,96.92,Home & Living,False
T02180,C0403,2023-03-24,237.11,Clothing,False
T02009,C0465,2022-09-22,214.47,Home & Living,False
T01547,C0444,2024-06-21,64.67,Sports,False
T02017,C0167,2023-09-16,232.68,Food & Grocery,False
T01570,C0283,2022-12-07,375.08,Clothing,False
T01657,C0241,2023-08-13,18.7,Home & Living,False
T00713,C0230,2023-11-12,120.1,Food & Grocery,False
T00073,C0294,2023-04-07,38.67,,False
T00501,C0490,2022-07-19,86.16,Sports,False
T01555,C0051,2023-11-21,18.72,Home & Living,False
T01277,C0208,2024-03-22,30.68,Home & Living,False
T00889,C0027,2024-02-05,30.69,Beauty,False
T00482,C0362,2024-03-22,57.53,Beauty,True
T01718,C0152,2024-02-13,50.06,Electronics,False
T00507,C0077,2023-10-21,156.83,Sports,False
T01544,C0091,2023-10-15,29.38,Electronics,False
T01511,C0210,2022-11-09,109.15,Home & Living,False
T01267,C0415,2023-11-04,46.92,Beauty,False
T02005,C0446,2023-04-11,49.7,Clothing,True
T01038,C0482,2022-10-23,61.48,Electronics,False
T01576,C0357,2023-03-06,135.33,Clothing,False
T01065,C0031,2023-10-06,136.54,Home & Living,False
T01710,C0398,2022-12-13,31.25,Electronics,False
T01126,C0197,2022-12-16,54.99,Clothing,False
T00312,C0294,2023-02-27,122.17,Electronics,False
T01107,C0171,2024-04-24,95.46,Clothing,False
T00406,C0415,2022-07-02,156.34,Clothing,True
T01086,C0362,2023-12-09,134.05,Food & Grocery,False
T01051,C0112,2024-01-16,197.77,Home & Living,False
T02185,C0044,2022-08-08,62.74,Electronics,False
T00989,C0440,2024-06-27,27.6,Clothing,False
T02099,C0041,2024-05-09,56.4,Home & Living,False
T00310,C0358,2023-07-01,99.46,Beauty,False
T00227,C0197,2024-06-18,265.29,Clothing,False
T00744,C0060,2023-12-12,210.21,Clothing,False
T00807,C0089,2024-02-12,177.84,Electronics,False
T02178,C0401,2023-11-02,22.42,Food & Grocery,False
T01945,C0415,2022-03-14,149.39,Home & Living,False
T01748,C0410,2023-11-29,67.6,Sports,False
T01833,C0060,2024-03-04,191.85,Sports,False
T01106,C0102,2023-02-01,100.66,Beauty,False
T01984,C0234,2024-03-05,23.46,,False
T01079,C0335,2023-10-03,49.17,Home & Living,False
T00149,C0121,2023-12-23,49.05,Electronics,False
T01634,C0029,2023-10-26,55.38,Home & Living,False
T01108,C0186,2023-11-23,195.39,Sports,False
T01437,C0124,2023-11-05,60.13,Clothing,False
T00292,C0133,2022-07-22,98.37,Beauty,False
T00693,C0091,2023-12-16,146.92,Clothing,False
T00819,C0096,2024-06-25,109.06,Electronics,False
T00705,C0206,2024-06-24,57.2,Electronics,False
T01573,C0086,2024-04-24,101.27,Electronics,False
T01957,C0174,2022-09-25,365.97,Clothing,False
T01112,C0112,2023-12-13,162.95,Electronics,False
T00576,C0119,2022-12-18,71.89,Home & Living,False
T00558,C0096,2024-02-27,73.01,Clothing,False
T01321,C0408,2022-10-23,156.74,Electronics,False
T00702,C0385,2023-11-09,240.43,Clothing,True
T01011,C0294,2023-09-26,44.38,Beauty,False
T01380,C0447,2023-11-22,39.7,Food & Grocery,False
T01402,C0382,2024-02-24,264.25,Electronics,False
T01612,C0466,2024-02-29,92.46,Electronics,False
T01438,C0394,2023-03-24,55.35,Sports,False
T00749,C0203,2023-06-18,342.78,Sports,False
T01386,C0335,2023-10-17,66.99,Sports,True
T01915,C0403,2022-10-24,161.66,Food & Grocery,False
T00168,C0430,2023-12-17,107.15,Clothing,False
T00731,C0044,2024-03-09,75.03,Sports,False
T01265,C0203,2023-04-10,57.95,Home & Living,False
T00287,C0144,2024-06-28,30.57,Beauty,False
T01320,C0366,2024-03-11,113.95,Home & Living,False
T01921,C0157,2023-10-27,118.43,Sports,False
T01037,C0210,2024-02-15,28.66,Clothing,True
T00629,C0004,2023-08-11,22.25,Electronics,False
T00599,C0384,2023-05-25,59.45,Sports,False
T01171,C0398,2024-01-12,258.41,Sports,False
T00378,C0405,2024-02-21,67.83,Home & Living,False
T01964,C0124,2024-05-18,86.86,Clothing,False
T01411,C0368,2023-05-28,80.93,Electronics,False
T01902,C0085,2022-08-29,145.19,Home & Living,False
T01245,C0170,2023-10-29,136.61,Sports,False
T01463,C0394,2024-01-07,120.58,Electronics,False
T01088,C0403,2023-08-19,150.48,Electronics,False
T00042,C0259,2023-12-27,59.85,Beauty,False
T01890,C0429,2024-06-24,35.79,Clothing,False
T00901,C0181,2024-01-05,93.64,Electronics,False
T01434,C0057,2024-03-18,54.72,Electronics,False
T01315,C0300,2024-02-16,20.83,Clothing,False
T01892,C0051,2024-03-03,123.87,Beauty,False
T01271,C0052,2022-07-11,54.44,Beauty,False
T01556,C0302,2023-06-01,130.15,Clothing,False
T00610,C0367,2023-04-23,24.56,Sports,False
T01250,C0356,2024-02-24,104.12,Home & Living,False
T01557,C0210,2023-08-06,208.25,Sports,False
T02060,C0464,2023-07-28,22.39,Beauty,False
T01619,C0458,2024-04-03,174.04,Sports,False
T01217,C0345,2023-12-11,119.84,Home & Living,False
T00494,C0029,2023-05-06,221.98,Home & Living,False
T01578,C0325,2023-10-02,117.39,Home & Living,False
T00278,C0229,2023-10-27,232.11,Beauty,True
T00758,C0051,2024-02-16,20.11,Beauty,False
T02134,C0015,2023-12-02,41.16,Clothing,True
T00359,C0394,2023-09-13,33.39,Beauty,False
T01997,C0125,2023-08-10,229.11,Clothing,False
T00237,C0188,2024-06-30,109.04,Clothing,False
T00552,C0218,2024-03-22,39.29,Clothing,False
T00521,C0179,2023-10-24,42.06,Home & Living,False
T01567,C0495,2023-08-22,47.18,Electronics,False
T00209,C0454,2024-02-24,60.88,Beauty,False
T01661,C0384,2023-06-22,443.03,Electronics,False
T00882,C0203,2023-10-14,238.6,Beauty,False
T00721,C0269,2022-05-01,13.16,Sports,False
T01482,C0214,2024-03-05,378.92,Beauty,False
T01874,C0171,2024-05-06,41.02,Electronics,False
T01670,C0049,2023-08-24,63.52,Home & Living,False
T00059,C0179,2024-04-20,59.67,Clothing,False
T00632,C0112,2024-03-31,12.12,Sports,False
T01899,C0358,2023-08-31,429.44,Clothing,False
T01262,C0325,2023-12-21,46.64,Food & Grocery,False
T00593,C0406,2023-09-26,273.9,Sports,False
T01891,C0446,2023-10-20,195.24,Sports,False
T00364,C0367,2023-07-31,55.06,Clothing,False
T01822,C0302,2023-12-11,256.61,Electronics,False
T00506,C0091,2023-08-04,28.53,Electronics,False
T01054,C0112,2024-02-02,31.7,Beauty,False
T01774,C0500,2023-11-09,89.32,Sports,False
T01468,C0279,2024-01-09,288.4,Beauty,True
T01978,C0197,2023-01-17,55.21,Sports,False
T00905,C0413,2024-02-19,103.97,Beauty,False
T00734,C0112,2023-12-18,26.68,Sports,False
T01448,C0489,2022-11-02,104.61,Electronics,False
T02129,C0247,2024-05-01,179.6,Home & Living,False
T01186,C0057,2024-05-29,95.63,Clothing,False
T01851,C0351,2023-11-03,113.65,Home & Living,False
T01922,C0453,2024-06-05,243.42,Clothing,False
T00119,C0469,2023-01-27,9800.0,Beauty,False
T02125,C0355,2024-03-11,244.64,Clothing,False
T00707,C0208,2023-11-01,53.21,Beauty,False
T02107,C0298,2024-04-24,181.13,Clothing,False
T00746,C0208,2024-05-29,66.0,Home & Living,False
T00523,C0093,2023-02-15,40.22,Sports,False
T00916,C0234,2024-01-26,48.59,Clothing,False
T01415,C0415,2023-08-02,102.21,Electronics,False
T01101,C0126,2023-12-10,279.54,Home & Living,False
T01045,C0357,2023-10-28,35.53,Food & Grocery,False
T00514,C0152,2023-07-15,862.18,Clothing,False
T00082,C0266,2024-01-20,45.88,Beauty,False
T01884,C0085,2023-05-01,26.63,Home & Living,False
T01026,C0379,2023-03-31,49.45,Clothing,False
T01222,C0042,2024-05-23,28.48,Clothing,True
T00915,C0484,2023-12-05,352.79,Electronics,False
T00381,C0061,2024-01-16,347.7,Clothing,False
T01234,C0350,2024-01-11,52.89,Beauty,False
T02029,C0482,2022-10-13,71.77,Home & Living,False
T00085,C0044,2022-09-08,195.91,Beauty,False
T02011,C0041,2023-07-12,61.13,Electronics,False
T00673,C0474,2024-05-09,37.24,Beauty,False
T00775,C0444,2023-05-14,343.35,Clothing,False
T00330,C0303,2022-09-25,66.18,Food & Grocery,False
T00007,C0104,2024-02-08,60.17,Clothing,False
T00944,C0021,2023-12-06,119.1,Home & Living,False
T01230,C0208,2024-04-29,164.67,Home & Living,False
T01610,C0388,2023-12-02,54.41,Food & Grocery,False
T00910,C0415,2022-12-02,60.47,Home & Living,False
T00469,C0422,2024-04-03,47.05,Sports,False
T00182,C0094,2023-09-30,126.75,Clothing,False
T00165,C0267,2024-02-08,105.5,,False
T01550,C0251,2023-09-24,71.35,Electronics,False
T00452,C0043,2023-03-28,369.89,Clothing,False
T01726,C0026,2024-04-04,46.9,Clothing,False
T00491,C0474,2023-10-27,78.19,Beauty,False
T02141,C0294,2023-05-01,53.05,Home & Living,False
T01776,C0375,2024-04-27,132.22,Home & Living,False
T00288,C0318,2024-02-08,370.38,Clothing,True
T01162,C0453,2024-01-12,89.47,Food & Grocery,False
T00088,C0374,2023-04-15,25.87,Clothing,False
T01720,C0112,2024-05-18,24.49,Clothing,False
T00803,C0438,2023-11-30,92.56,Home & Living,False
T01058,C0209,2024-02-01,34.56,,False
T01002,C0499,2022-11-27,180.77,Clothing,True
T02193,C0482,2022-10-18,60.2,Sports,False
T02045,C0498,2024-06-22,22.31,Clothing,False
T01081,C0294,2024-03-05,75.7,Home & Living,False
T01139,C0296,2023-06-06,68.21,Sports,False
T01223,C0394,2023-01-20,59.61,Electronics,False
T01975,C0048,2024-06-14,65.87,Clothing,False
T01335,C0076,2022-07-05,39.61,Clothing,False
T01981,C0027,2023-08-06,10.0,Clothing,False
T00328,C0481,2023-11-08,126.81,Sports,False
T01826,C0247,2024-03-27,57.74,Clothing,False
T00443,C0039,2024-01-27,75.86,Food & Grocery,False
T00835,C0367,2022-06-04,179.62,Home & Living,False
T01727,C0141,2023-11-21,27.63,Home & Living,False
T01681,C0302,2023-05-29,54.11,Home & Living,False
T00833,C0063,2023-07-06,40.5,Clothing,False
T01291,C0276,2024-01-30,72.37,Food & Grocery,True
T00349,C0068,2023-08-08,75.06,Beauty,False
T01138,C0318,2024-01-22,36.34,Home & Living,False
T00178,C0444,2023-12-22,47.41,Food & Grocery,False
T01855,C0049,2023-02-24,70.3,Home & Living,False
T01484,C0206,2024-02-14,52.69,Electronics,True
T01000,C0342,2024-06-17,25.75,Electronics,False
T00087,C0157,2023-02-01,55.71,Sports,False
T01691,C0293,2023-12-23,36.73,Home & Living,False
T02164,C0382,2023-05-31,109.5,Beauty,False
T02022,C0154,2023-09-13,67.55,Electronics,False
T00979,C0208,2024-03-09,93.23,Clothing,False
T00458,C0474,2023-10-25,69.35,Electronics,False
T00778,C0116,2024-04-08,25.42,Home & Living,False
T02145,C0482,2023-07-07,129.67,Food & Grocery,False
T00643,C0155,2023-08-27,64.82,Electronics,False
T02121,C0313,2022-06-15,48.43,Clothing,False
T00055,C0497,2023-12-07,120.1,Beauty,False
T01453,C0124,2024-06-29,33.75,,False
T01801,C0279,2023-11-28,219.94,Electronics,False
T02130,C0063,2024-03-23,88.9,Clothing,False
T00644,C0310,2023-10-29,385.72,Clothing,False
T02021,C0318,2024-01-04,115.76,Food & Grocery,False
T01212,C0500,2024-05-13,77.46,Clothing,False
T00678,C0031,2023-03-20,285.87,Clothing,False
T00222,C0325,2023-10-19,54.83,Home & Living,True
T00114,C0066,2022-10-13,157.45,Beauty,False
T01199,C0120,2023-04-25,18.44,Clothing,False
T00988,C0276,2023-12-16,66.86,Electronics,False
T01461,C0083,2023-12-14,13.43,Home & Living,False
T01587,C0337,2024-05-08,41.94,Clothing,False
T01010,C0229,2024-04-03,127.83,Clothing,False
T00175,C0387,2024-06-27,48.55,Sports,False
T01072,C0133,2023-06-18,67.3,Clothing,True
T00590,C0388,2024-06-28,41.22,Beauty,False
T01848,C0403,2023-01-25,265.8,Clothing,False
T01873,C0091,2022-09-25,134.39,Home & Living,False
T00019,C0082,2024-06-19,81.46,Clothing,False
T00424,C0394,2023-01-09,123.09,Home & Living,False
T01951,C0374,2023-03-04,41.12,Electronics,False
T00286,C0474,2023-04-08,75.38,Home & Living,False
T01898,C0381,2023-06-07,88.07,Electronics,False
T00429,C0112,2024-04-13,232.51,Electronics,False
T01767,C0314,2024-05-11,91.55,Electronics,False
T00670,C0410,2023-12-03,267.66,Electronics,False
T00032,C0043,2023-06-02,87.09,Electronics,False
T00723,C0218,2023-12-15,154.14,Clothing,True
T00952,C0015,2023-09-26,32.71,Clothing,False
T01360,C0435,2024-03-15,118.09,Beauty,True
T00215,C0111,2023-02-09,127.14,Home & Living,False
T01382,C0163,2024-05-09,10.59,Clothing,False
T00327,C0031,2023-05-18,100.22,Beauty,False
T00561,C0422,2024-01-26,63.62,Clothing,False
T01943,C0474,2023-05-20,97.72,Sports,False
T00342,C0170,2023-12-24,137.91,Beauty,False
T00148,C0063,2024-03-13,45.54,Clothing,False
T01424,C0358,2022-11-23,26.19,Clothing,False
T01669,C0263,2024-01-31,78.39,Sports,True
T00967,C0126,2024-06-20,229.85,Clothing,True
T00156,C0126,2023-10-31,73.09,Home & Living,False
T01289,C0017,2023-05-29,14.85,Electronics,False
T01568,C0324,2024-05-14,75.28,Home & Living,True
T01805,C0090,2023-05-14,105.22,Electronics,False
T01428,C0077,2023-09-14,73.11,Clothing,False
T02109,C0028,2023-10-04,104.21,,False
T01431,C0311,2024-02-13,75.74,Sports,False
T02086,C0273,2024-02-11,54.42,Beauty,False
T01789,C0308,2023-11-03,67.07,Beauty,False
T02079,C0124,2024-01-15,42.67,Food & Grocery,False
T01381,C0394,2024-02-27,112.62,Electronics,False
T01934,C0355,2023-12-31,233.46,Clothing,False
T01935,C0096,2024-04-19,154.49,Clothing,False
T00939,C0051,2023-09-09,108.47,Electronics,False
T01939,C0482,2023-09-16,44.61,Sports,False
T00347,C0232,2024-01-05,38.82,Clothing,False
T02110,C0155,2023-12-13,46.18,Clothing,False
T02194,C0124,2024-04-11,231.16,Clothing,False
T00386,C0061,2023-02-23,23.64,Clothing,False
T01559,C0104,2024-01-04,363.46,Clothing,False
T01256,C0293,2024-06-22,52.24,Beauty,False
T00244,C0133,2022-12-14,96.82,Electronics,True
T01534,C0500,2023-02-24,130.73,Clothing,False
T00937,C0494,2023-10-26,36.07,Home & Living,False
T01893,C0263,2024-01-15,208.52,Beauty,False
T00313,C0211,2024-01-24,66.77,Home & Living,True
T02163,C0405,2024-06-14,62.53,Sports,False
T00969,C0069,2023-12-03,46.86,Home & Living,False
T00661,C0082,2024-04-25,92.48,Beauty,False
T01785,C0017,2023-01-21,21.43,Clothing,False
T00371,C0155,2023-07-06,253.07,Clothing,False
T00567,C0144,2024-05-14,15.38,Electronics,False
T01522,C0112,2023-12-18,111.55,Sports,False
T00825,C0210,2023-01-10,321.28,Electronics,False
T00983,C0049,2022-06-05,88.83,Electronics,False
T01133,C0210,2024-06-19,134.89,Sports,False
T00814,C0212,2023-10-17,16.07,Sports,False
T00779,C0155,2023-07-31,243.63,Home & Living,False
T01053,C0476,2023-10-04,61.48,Clothing,False
T01403,C0057,2024-04-14,77.12,Clothing,False
T01014,C0344,2023-01-24,31.3,Clothing,False
T01318,C0398,2023-02-08,43.45,Food & Grocery,False
T00336,C0188,2024-03-26,32.44,Beauty,True
T00127,C0202,2024-03-08,34.0,Clothing,False
T00888,C0318,2024-03-17,306.83,Beauty,False
T01008,C0489,2023-02-08,79.58,Clothing,False
T00356,C0204,2024-01-19,26.7,Electronics,False
T01798,C0220,2023-06-17,381.79,Clothing,False
T00683,C0274,2023-06-28,27.25,Clothing,False
T01841,C0345,2023-10-23,168.7,Home & Living,False
T02043,C0367,2022-05-31,172.54,Electronics,False
T00985,C0482,2023-11-20,144.4,Sports,False
T01958,C0171,2023-12-27,67.21,Clothing,False
T00141,C0121,2024-04-21,76.18,Clothing,True
T01725,C0133,2022-08-10,103.98,Clothing,False
T01600,C0397,2024-03-03,102.15,Electronics,False
T01269,C0267,2024-03-01,265.67,Sports,False
T01888,C0311,2023-11-19,83.57,Home & Living,False
T01311,C0089,2023-09-12,92.76,Beauty,False
T01871,C0382,2023-02-18,30.23,Clothing,False
T01810,C0401,2023-11-25,174.36,Clothing,False
T00712,C0447,2023-04-22,106.34,Food & Grocery,False
T02106,C0091,2022-12-14,53.23,Clothing,False
T02018,C0082,2024-05-06,41.6,Sports,False
T00011,C0039,2024-04-21,115.34,Clothing,False
T01342,C0078,2023-07-15,34.19,Clothing,False
T01429,C0394,2023-12-04,44.52,Food & Grocery,False
T00755,C0133,2024-02-27,74.59,Electronics,True
T00627,C0062,2023-12-24,82.63,Sports,False
T01358,C0055,2023-09-26,101.03,Electronics,False
T00130,C0276,2024-04-10,186.48,Clothing,False
T00844,C0453,2024-01-21,58.07,Home & Living,True
T00324,C0059,2023-12-05,92.71,Electronics,False
T01304,C0160,2024-06-29,145.37,Electronics,False
T00015,C0108,2024-03-18,139.73,Clothing,False
T02103,C0206,2024-02-19,122.64,Home & Living,False
T00216,C0430,2023-04-09,162.67,Sports,False
T01584,C0497,2023-12-03,27.28,Electronics,False
T01913,C0078,2024-04-30,30.03,Clothing,False
T02186,C0116,2024-03-29,39.87,,False
T00865,C0189,2022-05-05,69.81,Beauty,True
T00517,C0165,2024-04-02,103.93,Home & Living,False
T00598,C0363,2024-02-20,69.05,Clothing,False
T00196,C0388,2023-10-04,184.18,Food & Grocery,True
T00289,C0367,2022-01-23,116.28,Home & Living,False
T00951,C0374,2023-04-08,207.01,Electronics,False
T01412,C0458,2023-12-20,31.29,,False
T01648,C0369,2024-02-10,156.98,Clothing,False
T01121,C0337,2024-01-09,98.57,Clothing,False
T00550,C0441,2023-12-15,411.16,Electronics,False
T00157,C0361,2023-12-28,26.9,Clothing,False
T00420,C0155,2022-11-23,91.15,Beauty,False
T00923,C0127,2023-04-19,239.14,Home & Living,False
T00478,C0083,2024-05-25,40.19,Home & Living,False
T01442,C0318,2023-10-28,94.33,Electronics,False
T00554,C0133,2023-07-14,123.77,Sports,False
T00391,C0358,2023-01-10,41.34,Electronics,False
T00579,C0363,2023-03-19,54.46,Electronics,False
T02050,C0410,2024-01-23,226.73,Beauty,False
T01753,C0140,2024-01-01,51.98,,False
T01972,C0234,2024-04-08,77.66,Home & Living,False
T00821,C0205,2024-03-20,40.5,Clothing,False
T02123,C0310,2024-02-06,434.21,Electronics,False
T01007,C0083,2023-12-27,223.35,Home & Living,False
T01260,C0211,2024-05-29,74.94,Sports,False
T00665,C0093,2023-12-30,55.84,Home & Living,False
T01802,C0259,2023-12-31,108.38,Clothing,False
T00143,C0275,2024-04-16,178.81,Sports,True
T01818,C0497,2024-02-04,200.7,Home & Living,False
T01413,C0464,2022-11-02,499.9,Clothing,False
T00422,C0193,2023-08-01,204.07,Home & Living,True
T00800,C0063,2023-12-17,465.47,Electronics,False
T00616,C0101,2023-11-03,31.74,Electronics,False
T00296,C0363,2024-02-18,275.78,Beauty,False
T00402,C0209,2023-12-20,88.15,Food & Grocery,False
T00089,C0499,2023-05-31,173.38,Home & Living,False
T01608,C0171,2024-01-07,112.8,Home & Living,False
T02181,C0269,2023-02-03,55.72,Electronics,False
T00132,C0214,2023-12-30,129.72,Sports,False
T01211,C0155,2023-09-26,73.17,Clothing,False
T01971,C0300,2023-09-13,84.82,Home & Living,False
T01607,C0133,2023-09-12,496.94,Clothing,False
T01796,C0083,2024-06-06,22.12,Beauty,False
T00725,C0484,2023-04-12,27.58,Electronics,False
T01363,C0210,2023-01-27,67.03,Sports,False
T00270,C0410,2024-01-22,21.78,Home & Living,False
T01627,C0031,2023-10-28,196.59,Clothing,False
T00918,C0213,2024-06-25,43.98,Clothing,False
T01761,C0489,2022-11-25,110.6,Home & Living,False
T01575,C0112,2024-06-01,147.22,Beauty,False
T01229,C0442,2023-12-31,176.62,Sports,False
T00376,C0002,2024-05-03,665.62,Beauty,False
T00334,C0127,2024-02-08,476.34,Clothing,False
T01384,C0255,2023-07-26,78.1,Food & Grocery,False
T02082,C0464,2023-08-06,63.12,Beauty,True
T01119,C0405,2024-04-26,34.21,Home & Living,True
T00911,C0096,2024-01-24,142.76,Clothing,False
T00777,C0264,2022-12-25,240.24,Clothing,False
T01344,C0293,2023-01-19,30.08,Home & Living,False
T00329,C0333,2024-06-06,50.95,Electronics,False
T01910,C0101,2023-08-27,17.04,Home & Living,False
T00013,C0369,2023-11-28,64.61,Sports,False
T00898,C0413,2023-09-05,204.49,Clothing,False
T00172,C0276,2023-10-18,73.41,Food & Grocery,False
T00261,C0154,2023-12-11,92.49,Electronics,False
T01445,C0230,2024-05-06,85.82,Electronics,True
T01692,C0063,2024-06-13,49.21,Food & Grocery,False
T00902,C0482,2023-08-29,160.45,Clothing,False
T00259,C0474,2023-05-25,57.04,Electronics,False
T00845,C0096,2024-04-22,75.84,,False
T00139,C0372,2023-12-30,157.13,Beauty,True
T00320,C0345,2024-04-09,216.85,,False
T01831,C0293,2022-09-24,144.09,Food & Grocery,False
T01470,C0229,2023-09-04,128.0,Home & Living,False
T01404,C0372,2023-10-06,292.15,Home & Living,False
T00559,C0363,2023-03-03,140.44,Clothing,False
T00140,C0274,2023-04-26,112.51,,False
T00113,C0500,2023-08-18,34.47,Electronics,False
T00532,C0212,2024-02-12,22.26,Beauty,False
T00225,C0368,2023-10-27,176.59,Clothing,False
T00724,C0049,2023-03-05,27.1,Home & Living,False
T02056,C0422,2023-02-07,141.32,Home & Living,False
T01757,C0228,2024-05-25,37.69,Food & Grocery,False
T00326,C0422,2024-04-21,163.39,Beauty,False
T01506,C0368,2023-10-09,42.98,,True
T01294,C0157,2023-11-23,54.86,Beauty,False
T00715,C0361,2024-05-15,248.85,Home & Living,False
T00847,C0362,2024-02-17,69.62,Beauty,False
T00194,C0126,2024-04-01,228.11,Electronics,False
T00574,C0417,2024-05-26,77.3,Home & Living,False
T00947,C0212,2022-12-02,584.21,Clothing,False
T00504,C0155,2023-08-09,27.58,Food & Grocery,False
T01932,C0274,2024-03-05,344.36,Food & Grocery,False
T01552,C0260,2023-02-16,282.31,Home & Living,True
T00646,C0430,2023-07-15,100.42,Electronics,False
T00004,C0476,2023-09-10,91.18,Clothing,False
T01371,C0057,2024-02-05,143.04,Home & Living,False
T00468,C0394,2024-02-08,192.86,Food & Grocery,False
T00006,C0294,2022-10-10,196.15,Electronics,False
T01643,C0211,2024-05-13,13.73,Electronics,False
T00548,C0127,2024-02-04,114.32,Clothing,False
T00229,C0489,2023-06-29,31.04,Clothing,False
T01064,C0031,2023-01-31,405.01,Home & Living,False
T00543,C0296,2024-04-21,94.32,Home & Living,False
T00243,C0230,2022-09-15,138.03,Sports,False
T00899,C0210,2023-10-23,745.17,Beauty,False
T01352,C0163,2024-01-31,182.33,Electronics,False
T01161,C0063,2024-03-03,241.47,Clothing,False
T01645,C0044,2023-11-07,45.1,Clothing,False
T01299,C0302,2024-02-24,51.49,Electronics,False
T00843,C0369,2023-10-07,42.37,Beauty,True
T01703,C0252,2023-10-31,422.71,Electronics,False
T01379,C0083,2024-02-01,59.54,Clothing,False
T00277,C0151,2024-06-22,86.0,Clothing,False
T00662,C0351,2023-07-09,111.59,Home & Living,False
T02057,C0146,2024-05-23,56.09,Electronics,False
T00315,C0398,2024-01-03,78.58,Beauty,False
T00692,C0292,2024-02-26,61.8,Sports,False
T02016,C0280,2023-02-12,120.03,Food & Grocery,False
T00425,C0154,2024-01-26,229.07,Home & Living,False
T00595,C0379,2022-10-29,76.97,Home & Living,False
T02195,C0229,2023-11-02,256.96,Beauty,False
T00623,C0247,2024-02-05,129.78,Electronics,False
T01489,C0294,2023-12-11,218.11,Electronics,False
T01248,C0335,2023-01-23,115.03,Electronics,False
T00228,C0097,2024-02-26,26.84,Electronics,True
T01336,C0368,2023-10-18,122.14,Home & Living,False
T01170,C0310,2023-08-03,98.39,Electronics,False
T01594,C0416,2023-07-07,120.62,Clothing,False
T01719,C0057,2024-01-08,70.76,Sports,False
T00067,C0202,2023-11-25,63.87,Clothing,False
T00025,C0234,2024-04-13,206.92,Home & Living,False
T01236,C0034,2024-04-07,171.99,Beauty,False
T00145,C0361,2024-01-29,73.27,Electronics,True
T00537,C0155,2023-01-03,65.37,Food & Grocery,False
T00812,C0027,2023-04-22,90.07,Beauty,False
T01338,C0442,2022-12-03,231.72,Beauty,False
T00086,C0126,2023-09-03,89.06,Home & Living,False
T01255,C0027,2023-04-15,120.5,Beauty,False
T02066,C0204,2024-01-15,36.72,Clothing,False
T01857,C0120,2023-10-26,87.52,Sports,False
T01685,C0309,2024-04-20,634.59,Food & Grocery,False
T00485,C0266,2024-02-18,165.41,Beauty,False
T01905,C0190,2023-07-08,108.74,Sports,False
T02118,C0043,2024-05-28,85.3,Electronics,False
T01641,C0017,2023-02-19,12000.0,Food & Grocery,False
T01551,C0303,2023-01-04,212.31,Clothing,False
T00363,C0119,2023-09-20,164.47,Electronics,False
T01930,C0093,2023-09-15,179.87,Beauty,False
T01376,C0310,2024-03-10,173.51,Electronics,False
T01027,C0276,2023-09-21,125.64,Clothing,False
T01031,C0108,2022-11-01,214.09,Electronics,False
T01449,C0482,2023-05-12,47.95,Beauty,False
T01620,C0397,2023-05-24,78.94,Clothing,False
T01488,C0199,2023-11-25,42.55,Clothing,False
T00666,C0099,2023-12-29,23.58,Electronics,False
T00365,C0234,2024-04-03,45.37,Beauty,False
T01240,C0310,2024-06-12,28.59,Electronics,False
T00078,C0051,2023-12-23,235.58,Clothing,False
T00028,C0402,2024-04-20,106.81,Beauty,False
T01724,C0211,2024-01-16,77.38,Home & Living,False
T00526,C0310,2023-12-09,27.24,Sports,False
T00726,C0241,2023-08-25,343.03,Sports,False
T00056,C0336,2024-02-05,134.75,Home & Living,True
T00639,C0361,2024-04-09,135.38,Sports,False
T00303,C0214,2024-01-28,215.32,Clothing,False
T00719,C0446,2023-10-11,46.81,Food & Grocery,False
T01862,C0062,2024-03-25,24.52,Food & Grocery,False
T00625,C0119,2023-10-25,80.6,Beauty,False
T00008,C0302,2024-01-13,79.8,Beauty,False
T01281,C0368,2024-04-12,19.69,Beauty,False
T00804,C0368,2023-05-06,29.95,Beauty,False
T01050,C0415,2022-04-16,53.1,Beauty,False
T00337,C0068,2022-04-03,81.22,Home & Living,True
T00048,C0046,2023-06-16,60.05,Electronics,False
T01775,C0383,2023-04-04,181.85,Home & Living,False
T00107,C0341,2023-11-20,215.66,Electronics,False
T00350,C0493,2024-02-11,80.37,Home & Living,False
T01080,C0357,2022-09-29,120.1,Beauty,True
T00239,C0325,2024-06-07,19.8,Beauty,False
T00214,C0031,2024-01-28,85.26,Clothing,False
T01145,C0214,2024-01-11,18.96,Sports,False
T01494,C0017,2022-09-02,117.94,Electronics,False
T01357,C0429,2024-05-31,348.58,Electronics,False
T00794,C0369,2024-03-28,172.03,Home & Living,False
T01097,C0157,2023-01-16,273.64,Home & Living,True
T01406,C0180,2023-12-31,158.5,Sports,False
T01341,C0111,2023-12-17,240.28,Clothing,False
T01897,C0083,2024-04-11,72.51,Sports,False
T02004,C0276,2023-12-28,30.83,Sports,False
T00524,C0112,2024-05-17,93.53,Clothing,True
T00233,C0374,2024-02-11,97.74,Clothing,False
T00645,C0042,2024-03-20,230.85,Home & Living,False
T01808,C0361,2024-01-27,84.61,Clothing,False
T00534,C0088,2022-12-28,38.95,Food & Grocery,False
T01809,C0068,2023-06-27,85.91,Clothing,False
T00604,C0325,2024-04-30,29.26,Electronics,False
T01490,C0303,2023-07-15,105.7,Electronics,False
T01075,C0210,2024-04-22,75.38,Electronics,False
T01560,C0082,2024-06-28,179.09,Beauty,False
T00061,C0046,2023-11-14,375.34,Electronics,False
T01507,C0076,2023-02-18,33.02,Electronics,False
T00093,C0108,2023-11-15,61.97,Beauty,False
T00667,C0029,2024-06-26,82.5,Electronics,True
T01377,C0093,2023-09-21,42.07,Home & Living,False
T01941,C0069,2023-05-03,75.49,Electronics,False
T00281,C0061,2023-07-07,55.61,Electronics,False
T01331,C0112,2024-04-17,98.14,Beauty,False
T00360,C0310,2024-06-28,27.05,Electronics,True
T01868,C0171,2024-06-04,36.53,Home & Living,False
T01395,C0082,2024-01-31,71.92,Beauty,True
T00848,C0041,2023-04-28,25.32,Clothing,False
T01207,C0059,2024-06-12,73.92,Electronics,True
T01647,C0230,2023-05-10,43.46,Clothing,False
T00111,C0193,2024-03-11,252.8,Electronics,True
T00043,C0310,2023-09-28,101.45,Sports,True
T00126,C0216,2024-04-16,125.54,Home & Living,False
T00205,C0211,2024-01-08,77.31,Beauty,False
T00053,C0112,2024-03-23,78.24,,False
T00546,C0048,2023-09-01,16.97,Home & Living,False
T00069,C0152,2024-05-21,145.5,Home & Living,False
T02097,C0483,2023-02-24,84.23,Clothing,False
T01856,C0468,2023-11-29,124.44,Sports,False
T00184,C0133,2024-05-15,57.45,Clothing,True
T00138,C0163,2024-05-14,165.18,Food & Grocery,False
T00900,C0214,2024-03-12,145.25,Clothing,False
T00797,C0310,2024-06-06,81.57,Sports,False
T00133,C0269,2024-04-04,27.2,Home & Living,False
T00081,C0330,2024-05-15,82.96,Clothing,False
T01780,C0126,2024-03-16,31.79,Clothing,False
T01847,C0112,2024-06-07,325.82,Clothing,False
T00542,C0035,2023-08-21,75.66,Sports,False
T01911,C0061,2023-11-30,236.19,Electronics,False
T00984,C0133,2023-08-20,155.5,Home & Living,False
T00166,C0197,2023-07-01,89.36,Electronics,False
T00249,C0196,2023-09-03,76.38,Sports,False
T01332,C0228,2023-11-01,43.58,Clothing,False
T00447,C0082,2024-04-12,32.57,Sports,False
T01772,C0059,2024-05-30,178.13,Beauty,True
T00859,C0415,2022-03-20,80.01,Sports,False
T01359,C0313,2024-02-10,10.35,Electronics,False
T01443,C0482,2023-12-16,186.81,Electronics,True
T00098,C0382,2023-11-17,49.85,Home & Living,False
T01387,C0303,2023-03-31,25.44,Home & Living,False
T00806,C0133,2024-06-20,99.56,Clothing,False
T00738,C0041,2024-01-10,213.84,Clothing,False
T01695,C0349,2024-06-30,91.64,Food & Grocery,False
T00103,C0398,2022-10-04,111.94,Sports,False
T00435,C0202,2023-04-27,221.39,Home & Living,False
T00075,C0133,2024-02-13,115.15,Clothing,False
T00578,C0108,2024-02-19,278.56,Electronics,False
T01430,C0112,2023-11-24,111.65,Electronics,True
T01770,C0325,2023-12-04,38.1,Clothing,False
T01231,C0027,2023-10-22,19.04,Beauty,False
T00919,C0410,2023-10-23,30.9,Clothing,False
T01327,C0279,2024-04-29,75.01,Clothing,False
T02052,C0421,2022-10-26,66.54,Sports,False
T02003,C0027,2024-04-29,139.55,Electronics,False
T01946,C0417,2024-05-25,66.02,Electronics,False
T00763,C0294,2024-05-27,150.7,Electronics,False
T00990,C0012,2023-11-12,110.62,Home & Living,False
T00389,C0174,2024-03-18,60.73,Electronics,False
T00236,C0482,2023-04-09,171.15,,False
T01806,C0026,2024-03-08,138.38,Clothing,False
T00268,C0415,2023-04-05,88.58,Clothing,True
T01330,C0087,2023-11-30,258.99,Electronics,False
T01414,C0086,2024-05-04,61.82,Home & Living,False
T00118,C0079,2023-11-14,32.78,Clothing,False
T02111,C0124,2024-05-12,22.78,Clothing,False
T00674,C0358,2022-10-15,173.55,Electronics,False
T00250,C0124,2024-04-21,220.27,Electronics,False
T01742,C0372,2023-10-03,94.07,Beauty,False
T00066,C0227,2023-11-09,38.14,Home & Living,False
T00095,C0197,2024-02-13,46.8,Clothing,True
T01472,C0210,2024-03-05,129.77,Food & Grocery,False
T00034,C0274,2023-12-18,56.09,Electronics,False
T01754,C0435,2024-01-18,228.31,Electronics,False
T02000,C0352,2024-05-30,65.21,Sports,False
T00449,C0062,2024-05-22,184.74,Electronics,True
T00717,C0214,2023-11-27,24.67,Clothing,False
T01595,C0482,2022-10-05,19.04,Sports,False
T01821,C0031,2023-09-13,31.43,Clothing,False
T00001,C0374,2023-05-02,111.99,Clothing,False
T02039,C0126,2024-04-19,372.56,Electronics,False
T01102,C0112,2024-02-08,167.1,Food & Grocery,False
T01109,C0489,2023-09-11,195.14,Sports,True
T01740,C0019,2023-09-11,27.67,Electronics,False
T00083,C0214,2024-01-16,164.14,Clothing,False
T01903,C0154,2024-01-22,50.96,Home & Living,True
T00677,C0120,2023-11-04,19.61,Clothing,False
T01739,C0351,2023-10-27,87.09,Clothing,False
T01047,C0050,2024-03-22,65.39,Electronics,False
T00771,C0140,2023-05-03,41.54,Beauty,False
T01447,C0068,2022-06-13,47.1,Home & Living,False
T01527,C0415,2023-12-01,59.58,Clothing,False
T01895,C0368,2023-07-01,100.93,Sports,False
T01786,C0053,2024-04-18,214.12,Sports,False
T00405,C0412,2024-05-25,92.31,Clothing,False
T00385,C0206,2023-06-17,67.21,Electronics,False
T01995,C0202,2024-06-27,66.13,Clothing,False
T01684,C0111,2023-04-06,45.57,Electronics,False
T00105,C0415,2024-04-01,233.43,Electronics,False
T00689,C0361,2024-06-25,43.07,Beauty,False
T01561,C0197,2023-08-03,141.83,Clothing,False
T00827,C0422,2024-04-15,47.58,Home & Living,False
T01241,C0133,2023-02-09,117.22,Beauty,False
T00063,C0325,2023-12-17,75.2,Food & Grocery,False
T01306,C0063,2022-08-14,171.96,Sports,False
T00853,C0310,2024-06-15,105.6,Beauty,False
T01618,C0049,2023-12-07,116.66,Clothing,False
T01263,C0394,2024-06-11,255.21,Beauty,False
T00224,C0368,2024-05-09,346.41,Clothing,False
T00146,C0296,2023-12-25,213.94,,False
T01089,C0025,2024-03-16,23.21,Clothing,False
T00374,C0202,2023-02-11,106.53,Home & Living,True
T01953,C0218,2024-02-26,257.56,Beauty,False
T01143,C0276,2023-08-02,193.84,Food & Grocery,False
T02124,C0483,2023-04-16,87.24,Clothing,False
T01792,C0171,2023-12-30,229.74,Clothing,False
T01275,C0031,2023-09-29,100.3,Beauty,False
T01266,C0402,2023-05-05,135.33,Home & Living,False
T01918,C0051,2024-06-13,467.72,Beauty,False
T01514,C0204,2023-12-13,99.43,Home & Living,False
T00010,C0089,2024-02-10,36.51,Clothing,False
T00450,C0308,2023-10-16,92.77,Food & Grocery,False
T00709,C0272,2022-07-24,53.37,Beauty,False
T00256,C0430,2023-07-24,150.76,Food & Grocery,False
T00883,C0349,2024-05-24,524.06,Food & Grocery,False
T00390,C0302,2023-11-10,260.46,Home & Living,False
T01690,C0415,2023-03-07,40.66,Clothing,False
T00909,C0202,2023-08-01,180.14,Home & Living,False
T00925,C0214,2024-04-12,83.42,Clothing,False
T02047,C0229,2024-03-22,112.73,Food & Grocery,True
T02076,C0078,2023-04-19,251.92,Electronics,False
T00461,C0083,2024-01-11,69.66,Clothing,False
T01513,C0013,2024-03-20,120.93,Sports,False
T02044,C0343,2023-09-04,45.83,,False
T01169,C0059,2024-03-28,274.14,Home & Living,False
T00959,C0422,2024-02-13,139.99,Clothing,False
T00502,C0179,2024-02-23,43.04,Electronics,False
T00740,C0061,2023-03-20,215.6,Sports,False
T00041,C0089,2023-11-30,69.09,Clothing,False
T00869,C0110,2024-01-12,18.68,Clothing,False
T00732,C0057,2024-01-07,159.56,Electronics,False
T00540,C0341,2023-11-03,146.97,Clothing,False
T01202,C0180,2022-03-21,221.37,Clothing,False
T01340,C0310,2024-01-15,67.6,Home & Living,False
T00698,C0248,2023-11-22,59.47,Beauty,False
T01668,C0266,2023-11-18,89.14,Food & Grocery,False
T01646,C0337,2022-12-28,81.35,,False
T01372,C0204,2024-02-08,130.06,Home & Living,False
T01146,C0152,2023-03-03,196.91,Home & Living,False
T01032,C0230,2022-11-18,38.05,Electronics,False
T00373,C0096,2024-02-09,257.86,,False
T00668,C0140,2024-05-15,92.53,Sports,False
T01432,C0196,2023-10-23,35.09,Clothing,False
T01830,C0140,2023-11-19,85.94,,False
T00358,C0093,2023-10-01,148.6,Clothing,False
T00968,C0476,2023-06-22,298.41,Home & Living,False
T00784,C0017,2022-08-21,26.17,Clothing,False
T00736,C0230,2024-04-30,201.42,Beauty,False
T01354,C0119,2022-07-01,70.47,Home & Living,True
T01036,C0234,2023-12-15,79.87,Beauty,False
T00971,C0126,2023-12-13,114.61,Clothing,False
T01829,C0094,2023-08-16,88.42,Home & Living,False
T01784,C0046,2023-02-19,194.07,Clothing,False
T02087,C0269,2023-06-27,81.93,Electronics,False
T02128,C0060,2024-01-17,208.06,Clothing,False
T01542,C0283,2023-10-26,80.04,Home & Living,False
T01828,C0083,2024-04-07,479.56,Clothing,True
T01329,C0354,2024-06-15,124.19,Beauty,False
T01615,C0218,2023-07-19,37.43,Home & Living,False
T02006,C0483,2023-06-11,82.04,Home & Living,False
T01426,C0174,2023-12-20,97.79,Sports,False
T01465,C0043,2023-03-31,53.32,Electronics,True
T01969,C0310,2024-04-22,105.08,Beauty,False
T01253,C0063,2023-03-26,21.26,Electronics,False
T02036,C0303,2022-04-16,114.24,Electronics,False
T02055,C0039,2024-06-01,91.03,Home & Living,False
T01237,C0205,2023-10-19,98.84,Food & Grocery,False
T00886,C0013,2024-03-24,64.51,Clothing,False
T00080,C0381,2023-09-12,175.96,Beauty,False
T01173,C0310,2024-01-01,63.14,Home & Living,False
T00815,C0077,2024-03-16,128.71,Beauty,True
T01532,C0302,2024-05-07,51.3,Electronics,False
T00672,C0206,2024-06-19,81.8,Home & Living,False
T01837,C0375,2023-09-22,166.54,Home & Living,True
T00058,C0069,2023-11-11,60.0,Beauty,False
T00134,C0276,2024-03-04,43.18,Clothing,False
T01141,C0078,2024-02-08,75.39,Electronics,False
T00934,C0425,2023-08-29,44.84,Electronics,False
T02023,C0456,2023-09-22,161.39,Clothing,False
T00824,C0026,2023-11-30,123.26,Beauty,False
T01433,C0293,2022-09-29,291.73,Clothing,False
T01707,C0214,2023-12-22,216.12,,False
T01215,C0454,2022-12-14,78.47,Clothing,False
T00505,C0303,2023-12-21,60.94,Electronics,False
T02189,C0211,2024-01-25,43.8,Beauty,False
T00348,C0233,2024-06-26,11.88,Clothing,True
T00387,C0234,2024-06-13,458.84,Electronics,False
T01025,C0218,2023-10-23,85.72,Beauty,False
T01385,C0330,2024-05-18,96.15,Beauty,False
T00895,C0357,2022-10-06,118.27,Home & Living,False
T00829,C0258,2024-01-21,127.48,Clothing,False
T02159,C0410,2024-04-21,119.61,Food & Grocery,False
T00476,C0079,2023-11-11,158.48,Clothing,False
T01763,C0447,2023-04-03,127.22,Clothing,False
T02026,C0027,2024-01-01,155.94,Home & Living,False
T01672,C0410,2024-03-14,49.37,Electronics,False
T00653,C0410,2024-06-11,107.25,Clothing,False
T00173,C0424,2024-05-18,110.49,Electronics,False
T01475,C0085,2022-08-10,48.99,Home & Living,False
T01150,C0303,2022-10-27,92.11,Electronics,False
T00039,C0051,2024-01-27,45.73,Beauty,False
T00714,C0144,2023-07-16,43.44,Clothing,False
T00091,C0415,2024-04-19,41.57,Home & Living,False
T00167,C0244,2024-02-10,59.49,Home & Living,False
T01206,C0353,2024-03-22,376.11,Home & Living,True
T00876,C0036,2023-04-13,95.15,Sports,False
T01616,C0430,2023-07-13,173.76,Clothing,False
T02010,C0325,2023-10-29,92.84,Home & Living,False
T02158,C0445,2023-05-24,243.41,Beauty,False
T01094,C0474,2024-03-13,114.61,Food & Grocery,False
T01156,C0089,2024-02-07,159.66,Home & Living,False
T01325,C0476,2024-03-22,157.99,Clothing,False
T01629,C0255,2022-10-01,37.37,Beauty,False
T01351,C0127,2024-04-16,311.37,Electronics,False
T00511,C0302,2024-04-17,663.77,Beauty,False
T00500,C0057,2024-05-18,52.6,Home & Living,False
T01622,C0096,2024-04-30,90.65,Home & Living,False
T01926,C0311,2024-04-19,16.72,Home & Living,False
T01520,C0284,2024-06-30,57.98,Clothing,False
T00339,C0263,2023-07-31,15.56,Electronics,False
T01973,C0263,2024-04-05,144.58,Clothing,False
T01189,C0247,2024-02-16,35.32,Electronics,False
T00029,C0077,2023-12-20,43.19,Food & Grocery,False
T01541,C0358,2024-03-10,233.43,Home & Living,False
T01218,C0361,2024-01-24,94.78,Beauty,False
T01583,C0113,2024-04-30,25.68,Clothing,False
T00795,C0197,2022-12-20,137.65,Clothing,False
T00946,C0063,2022-07-26,210.67,Home & Living,False
T01766,C0350,2023-12-16,31.27,,False
T00170,C0022,2024-02-27,22.25,Home & Living,False
T01682,C0165,2023-09-08,57.28,Clothing,False
T01198,C0031,2023-09-25,26.16,Beauty,False
T01543,C0228,2024-03-03,15.24,Clothing,False
T01254,C0312,2023-10-08,117.35,Sports,False
T01674,C0051,2024-06-27,98.23,Electronics,False
T00913,C0272,2023-08-01,104.37,Clothing,False
T00492,C0474,2023-06-22,96.2,Home & Living,True
T00954,C0426,2022-07-02,44.77,Electronics,False
T01098,C0302,2023-04-28,30.69,Beauty,False
T01033,C0121,2024-03-07,52.51,Clothing,False
T00588,C0276,2023-09-24,105.83,,False
T00751,C0210,2022-08-04,134.91,Beauty,False
T00658,C0406,2024-06-14,103.64,Electronics,False
T00235,C0341,2023-09-04,29.11,Clothing,False
T00733,C0401,2023-10-17,29.39,Electronics,False
T01640,C0394,2022-11-30,240.94,Electronics,False
T02034,C0112,2024-01-02,198.93,Clothing,False
T01157,C0230,2023-02-10,578.11,Clothing,False
T01762,C0175,2022-07-06,54.34,Home & Living,False
T01711,C0193,2023-07-03,124.87,Electronics,False
T01949,C0361,2023-12-28,13.55,Clothing,False
T00935,C0211,2024-02-08,95.37,Clothing,False
T01210,C0309,2024-03-14,63.98,Sports,False
T01066,C0181,2024-06-17,69.25,Home & Living,False
T00109,C0202,2022-12-17,30.92,Food & Grocery,False
T01850,C0044,2022-08-26,285.7,Home & Living,False
T00569,C0368,2023-05-13,100.35,Home & Living,False
T01168,C0370,2023-08-22,147.71,Clothing,False
T01175,C0248,2023-07-30,82.13,Clothing,False
T01589,C0112,2024-02-21,60.04,Sports,False
T01508,C0014,2024-02-23,75.8,Sports,False
T01493,C0050,2024-01-25,49.43,Beauty,False
T00891,C0490,2023-07-28,270.9,Sports,False
T00948,C0294,2023-06-22,45.21,Electronics,False
T01049,C0189,2024-03-09,85.57,Electronics,False
T01617,C0435,2024-06-26,180.86,Clothing,False
T01640,C0394,2022-11-30,240.94,Electronics,False
T02058,C0133,2022-07-05,312.36,Electronics,True
T00885,C0230,2024-04-07,98.26,Electronics,False
T02005,C0446,2023-04-11,49.7,Clothing,True
T02175,C0042,2022-06-08,109.23,Food & Grocery,False
T01840,C0077,2023-03-06,123.84,Home & Living,False
T00851,C0133,2023-11-24,85.89,Home & Living,False
T01588,C0099,2024-06-04,136.26,Sports,False
T01408,C0206,2023-11-30,77.11,Clothing,False
T00735,C0093,2023-04-15,129.12,Electronics,False
T00718,C0154,2023-07-28,122.07,Beauty,False
T00455,C0394,2023-06-04,59.81,Clothing,False
T00265,C0113,2023-11-03,78.09,Beauty,False
T00076,C0188,2024-06-13,470.87,Electronics,False
T01989,C0211,2024-05-06,268.57,Electronics,False
T00445,C0127,2023-10-02,125.84,Beauty,False
T00396,C0031,2023-04-14,28.2,Clothing,False
T00177,C0367,2022-01-31,59.74,Clothing,False
T01043,C0415,2024-01-10,563.14,Home & Living,False
T02183,C0449,2024-06-18,177.91,Sports,False
T01678,C0063,2023-03-19,21.84,Beauty,False
T01812,C0133,2022-07-13,86.38,Clothing,False
T01656,C0481,2023-06-02,103.84,Beauty,False
T00596,C0464,2024-06-06,39.1,Clothing,False
T00062,C0009,2024-03-23,90.99,Electronics,False
T01297,C0023,2022-10-28,34.97,Beauty,False
T00873,C0083,2023-12-11,134.56,Clothing,False
T01787,C0197,2023-07-09,20.68,Beauty,False
T00217,C0119,2023-02-14,704.58,Electronics,False
T00279,C0310,2024-05-09,118.33,Home & Living,False
T01549,C0474,2023-08-11,289.98,Home & Living,False
T01393,C0398,2024-03-22,123.71,Home & Living,False
T00037,C0477,2023-10-09,205.11,Clothing,True
T01872,C0351,2023-08-25,58.82,Electronics,False
T00663,C0252,2023-01-14,36.9,Beauty,True
T02112,C0337,2023-07-31,108.74,Home & Living,False
T01732,C0482,2023-04-10,1515.11,Clothing,False
T00978,C0078,2023-03-03,57.0,Home & Living,False
T01572,C0482,2022-11-11,44.39,Clothing,False
T01963,C0325,2024-01-04,61.42,Clothing,False
T00739,C0276,2024-06-18,92.76,Food & Grocery,False
T00192,C0241,2023-10-02,121.55,Food & Grocery,False
T00920,C0133,2022-05-26,262.26,Sports,False
T00457,C0048,2023-05-03,78.67,Electronics,False
T01418,C0042,2022-07-08,40.19,Home & Living,False
T00676,C0247,2023-09-19,64.33,Food & Grocery,False
T00761,C0484,2022-11-28,245.14,Food & Grocery,False
T02113,C0468,2023-12-10,185.67,Electronics,False
T01919,C0133,2022-07-26,140.75,Electronics,False
T00729,C0215,2024-02-11,14.69,Home & Living,False
T01974,C0170,2023-07-31,97.46,Beauty,False
T01400,C0337,2023-05-13,276.33,Sports,False
T00413,C0368,2024-02-03,68.36,Beauty,False
T01099,C0263,2024-05-11,40.34,Clothing,False
T01517,C0361,2024-02-18,92.24,Clothing,False
T01650,C0077,2024-04-16,31.69,Home & Living,False
T01525,C0202,2024-06-01,91.19,,False
T00826,C0393,2023-12-01,57.09,Home & Living,False
T01794,C0415,2024-02-28,52.73,Sports,False
T00617,C0482,2024-01-25,129.24,Beauty,False
T00115,C0327,2024-04-09,64.86,Clothing,False
T00418,C0051,2023-12-26,105.08,Beauty,False
T02169,C0490,2023-06-14,29.95,Electronics,False
T01626,C0474,2024-02-11,64.27,Electronics,False
T00970,C0279,2023-11-22,28.11,Home & Living,False
T00605,C0210,2023-05-01,98.08,Clothing,False
T02173,C0377,2023-12-15,599.1,Electronics,False
T00090,C0112,2024-04-08,126.36,Home & Living,False
T00849,C0185,2024-03-14,224.09,Beauty,False
T01823,C0033,2022-12-25,72.13,Clothing,True
T02172,C0099,2023-12-23,160.71,Home & Living,False
T00754,C0152,2023-02-17,124.57,Home & Living,False
T00499,C0369,2024-02-24,271.18,Electronics,False
T01277,C0208,2024-03-22,30.68,Home & Living,False
T01326,C0026,2023-12-29,664.31,Electronics,False
T01631,C0310,2023-10-03,83.86,Home & Living,False
T00012,C0294,2023-11-26,32.5,Food & Grocery,False
T00397,C0091,2023-04-23,95.63,Sports,True
T00285,C0068,2023-04-07,164.77,Sports,False
T02165,C0234,2024-02-13,131.59,Electronics,False
T01067,C0162,2023-10-16,28.77,Clothing,False
T01192,C0310,2024-03-04,39.24,Beauty,False
T01441,C0124,2024-04-20,32.09,Beauty,False
T01601,C0077,2023-03-15,173.43,Clothing,False
T02071,C0497,2023-07-24,39.2,Home & Living,True
T02070,C0230,2023-06-07,152.9,Clothing,False
T01451,C0130,2022-10-23,155.31,Electronics,False
T00691,C0368,2024-06-25,109.34,Home & Living,False
T01954,C0372,2024-05-19,42.14,Beauty,False
T01569,C0126,2024-01-05,39.02,Electronics,False
T02151,C0096,2024-03-10,62.79,Home & Living,False
T00690,C0447,2023-12-12,57.26,Electronics,False
T01688,C0415,2023-09-13,131.76,Beauty,False
T00852,C0494,2023-12-19,128.67,Clothing,False
T01499,C0140,2024-01-29,82.35,Clothing,False
T00160,C0464,2024-01-07,138.69,Food & Grocery,False
T00896,C0280,2024-06-13,298.93,Electronics,False
T01889,C0415,2022-07-13,32.55,Sports,False
T00258,C0089,2023-09-25,18.53,Sports,False
T00336,C0188,2024-03-26,32.44,Beauty,True
T02153,C0214,2024-01-15,107.68,Electronics,False
T01040,C0413,2024-02-28,67.59,Clothing,False
T00516,C0308,2023-08-23,91.48,Beauty,False
T01349,C0495,2023-11-01,33.83,Clothing,False
T01016,C0498,2024-03-15,72.92,Home & Living,False
T00769,C0368,2023-10-29,231.55,Beauty,False
T02077,C0467,2024-06-16,73.29,Electronics,False
T00442,C0474,2023-09-16,82.86,Food & Grocery,True
T01778,C0133,2023-08-12,62.31,Electronics,False
T00762,C0414,2023-11-24,102.42,Food & Grocery,False
T01247,C0164,2022-12-12,84.28,Sports,False
T01204,C0296,2024-04-02,155.49,Home & Living,False
T02064,C0189,2022-08-29,1090.23,Clothing,False
T01124,C0350,2024-03-02,203.39,Clothing,False
T00522,C0063,2024-02-02,68.48,Clothing,False
T00023,C0031,2024-04-16,76.67,Beauty,False
T00357,C0375,2024-05-23,134.78,Electronics,False
T01278,C0155,2023-03-27,71.89,Electronics,False
T01313,C0388,2024-02-25,99.83,Clothing,True
T01636,C0017,2024-06-08,275.72,Electronics,False
T02020,C0398,2024-04-26,50.43,Clothing,False
T00341,C0171,2024-02-18,157.99,Clothing,False
T00432,C0090,2023-02-08,73.47,Clothing,False
T00474,C0188,2023-06-20,114.29,Sports,False
T00218,C0104,2023-12-14,14.89,Sports,True
T00912,C0397,2022-09-21,26.93,Clothing,False
T01228,C0490,2024-04-24,28.85,Home & Living,False
T01912,C0410,2024-03-14,42.55,Home & Living,False
T01012,C0108,2023-03-27,100.08,Home & Living,False
T00958,C0186,2023-05-17,46.08,Clothing,False
T00094,C0190,2023-11-03,27.48,Beauty,False
T01009,C0410,2024-01-31,79.08,Clothing,False
T01071,C0091,2023-02-04,113.63,Clothing,False
T01093,C0063,2022-08-07,742.71,Beauty,False
T02187,C0325,2023-08-18,46.63,Clothing,False
T01309,C0481,2024-06-28,137.63,Beauty,True
T00697,C0227,2024-03-28,15.2,Clothing,False
T01110,C0474,2023-04-24,133.64,Clothing,True
T00997,C0017,2024-02-25,79.29,Electronics,False
T01459,C0303,2022-11-08,28.47,Electronics,False
T01680,C0052,2022-12-24,73.23,Clothing,False
T00154,C0012,2024-05-31,104.67,Clothing,False
T01100,C0063,2023-09-08,69.06,Food & Grocery,False
T00247,C0363,2023-04-10,26.44,Clothing,False
T00573,C0293,2024-01-24,204.03,Clothing,False
T00790,C0455,2024-05-21,27.23,Electronics,True
T00581,C0204,2024-02-05,118.0,Clothing,False
T01471,C0403,2024-03-17,25.67,Sports,False
T00704,C0049,2024-01-16,21.43,,False
T01213,C0121,2024-06-24,220.33,Electronics,False
T01296,C0125,2023-08-31,40.31,Clothing,False
T01998,C0490,2022-07-16,48.42,Sports,False
T01261,C0046,2023-01-31,36.25,Clothing,False
T00488,C0200,2023-08-26,315.62,Clothing,False
T01625,C0126,2024-04-08,155.64,Home & Living,False
T00560,C0265,2024-06-06,19.61,Home & Living,False
T01142,C0367,2023-09-16,28.42,Sports,False
T02148,C0023,2024-05-08,284.03,Clothing,False
T01120,C0170,2024-01-11,94.2,Clothing,False
T00802,C0096,2024-05-15,485.04,Home & Living,False
T00513,C0043,2023-03-07,53.9,Clothing,False
T00634,C0402,2022-11-09,100.64,Electronics,False
T01773,C0009,2024-05-03,109.73,Electronics,True
T01665,C0210,2024-06-08,163.93,Sports,False
T01013,C0261,2023-10-08,66.34,Electronics,True
T02074,C0121,2024-05-15,161.0,Beauty,False
T01151,C0242,2023-08-03,77.63,,False
T00791,C0276,2023-11-28,100.41,Home & Living,False
T00117,C0063,2022-07-16,27.76,Food & Grocery,False
T01498,C0361,2023-12-01,307.64,,False
T00741,C0027,2023-11-16,85.1,Electronics,False
T02032,C0248,2023-01-03,92.46,Electronics,False
T01082,C0049,2023-12-20,42.46,Electronics,False
T01628,C0077,2024-04-14,36.39,Electronics,False
T00831,C0186,2023-12-20,138.41,Home & Living,True
T00120,C0416,2023-07-25,95.89,Electronics,False
T00657,C0372,2023-04-17,46.91,Clothing,False
T02031,C0294,2023-12-16,102.15,Clothing,False
T01929,C0404,2023-07-15,93.92,Food & Grocery,False
T02168,C0361,2024-04-02,124.77,Food & Grocery,False
T00636,C0078,2024-05-09,82.69,Electronics,False
T00370,C0446,2024-02-20,82.43,Home & Living,False
T00269,C0133,2024-04-06,48.57,Electronics,False
T00656,C0049,2023-03-12,155.61,Electronics,False
T00936,C0352,2022-11-23,162.49,Home & Living,False
T00823,C0019,2024-02-14,442.79,Beauty,False
T00867,C0209,2024-04-05,212.13,,False
T00047,C0127,2024-01-26,227.66,Sports,False
T01374,C0069,2023-06-15,245.74,Sports,True
T00884,C0197,2023-07-13,67.7,Home & Living,False
T00992,C0468,2023-12-20,44.39,,False
T00877,C0282,2023-06-08,179.47,Beauty,False
T00774,C0218,2024-04-02,14.14,Home & Living,False
T01220,C0487,2023-05-13,95.37,Clothing,False
T01127,C0148,2024-02-22,39.17,Clothing,False
T00005,C0259,2023-04-07,169.98,Beauty,False
T02100,C0268,2023-03-23,640.27,Home & Living,False
T01004,C0257,2023-09-10,26.42,Beauty,False
T02001,C0013,2023-09-20,111.92,Home & Living,False
T02061,C0031,2022-11-20,218.19,Clothing,False
T00264,C0057,2023-10-20,83.69,Food & Grocery,False
T01883,C0269,2023-08-08,130.14,Food & Grocery,False
T00613,C0126,2024-03-05,157.29,Food & Grocery,False
T00444,C0127,2023-08-27,195.64,Home & Living,True
T01003,C0126,2024-04-10,33.08,Food & Grocery,False
T01078,C0112,2024-04-16,93.88,Home & Living,False
T02190,C0294,2023-11-25,280.22,Electronics,False
T00838,C0171,2024-05-08,33.99,Electronics,False
T00682,C0251,2023-09-13,34.56,Food & Grocery,False
T01716,C0379,2024-05-19,43.86,Clothing,False
T00305,C0180,2024-03-05,18.66,Electronics,False
T01366,C0133,2022-05-19,112.89,Food & Grocery,False
T01869,C0174,2024-02-07,35.67,Electronics,True
T00314,C0398,2023-07-11,60.33,Food & Grocery,False
T00150,C0203,2023-05-28,41.14,Sports,False
T01149,C0276,2023-11-12,85.22,Beauty,False
T01214,C0126,2023-11-05,249.52,Clothing,False
T00575,C0031,2022-12-04,56.87,Home & Living,False
T01722,C0133,2023-06-22,86.88,Home & Living,False
T01689,C0063,2023-10-21,681.26,Electronics,False
T00051,C0062,2024-03-10,98.08,Electronics,True
T01863,C0190,2024-03-24,57.66,Food & Grocery,False
T00727,C0297,2023-09-11,49.9,Electronics,False
T01824,C0401,2023-10-11,52.6,Home & Living,False
T00834,C0456,2023-09-05,136.32,Clothing,False
T01378,C0051,2024-04-03,157.08,Home & Living,False
T01116,C0232,2024-02-03,96.31,Home & Living,False
T01167,C0387,2023-12-18,59.53,Home & Living,False
T00471,C0126,2023-09-07,49.78,Clothing,False
T00972,C0126,2023-09-13,58.09,Electronics,False
T00654,C0154,2024-06-30,45.9,Clothing,False
T00400,C0383,2022-10-19,167.35,Beauty,True
T00512,C0387,2023-01-28,93.39,Food & Grocery,False
T01923,C0042,2024-04-17,48.26,Sports,False
T00321,C0171,2024-04-07,431.76,Clothing,False
T00020,C0089,2024-02-10,91.15,Electronics,False
T00685,C0083,2024-05-27,160.26,Clothing,False
T00036,C0272,2024-03-05,63.88,Home & Living,False
T00903,C0345,2023-11-17,67.21,Sports,False
T02095,C0293,2024-06-25,160.03,Sports,False
T00828,C0049,2024-05-20,93.01,Beauty,True
T00525,C0133,2024-02-22,57.32,Beauty,False
T00408,C0372,2024-04-26,156.54,Clothing,True
T00921,C0091,2023-05-25,310.73,Home & Living,False
T01842,C0310,2023-12-16,21.71,Home & Living,False
T00538,C0335,2023-07-06,49.59,Electronics,False
T00759,C0369,2024-03-24,150.91,Clothing,False
T01706,C0228,2022-11-08,205.31,Food & Grocery,False
T02167,C0405,2023-10-24,231.04,Beauty,False
T01063,C0361,2024-06-23,83.96,Clothing,False
T01200,C0068,2023-02-28,27.13,Clothing,True
T00246,C0310,2023-08-04,90.47,Home & Living,False
T01835,C0021,2023-05-12,54.34,Beauty,False
T01417,C0119,2023-08-14,55.32,Food & Grocery,False
T01128,C0343,2023-10-30,157.44,Electronics,False
T00785,C0481,2024-06-11,133.53,Electronics,True
T01410,C0133,2023-01-21,252.42,Clothing,False
T00490,C0125,2023-05-31,190.74,Electronics,False
T00155,C0229,2023-10-07,53.23,Electronics,False
T01663,C0490,2022-06-11,44.96,Sports,False
T00962,C0298,2022-10-12,101.31,Home & Living,False
T01687,C0355,2024-02-18,96.9,Home & Living,False
T00854,C0357,2023-09-18,216.01,Electronics,False
T01312,C0057,2024-04-03,69.98,Home & Living,False
T00626,C0210,2023-04-25,144.45,Clothing,False
T01816,C0225,2024-06-25,91.79,Electronics,False
T00686,C0179,2024-01-18,58.2,Sports,False
T01875,C0057,2024-04-15,325.15,,False
T00570,C0154,2023-10-09,86.31,Food & Grocery,False
T00566,C0446,2024-05-21,34.06,Electronics,False
T01759,C0093,2024-01-05,365.31,Home & Living,False
T01817,C0197,2024-01-30,116.37,Electronics,False
T00018,C0209,2023-12-20,20.44,Food & Grocery,False
T00128,C0170,2024-04-02,267.92,,False
T01347,C0210,2023-05-24,248.36,Electronics,False
T01280,C0049,2022-10-26,137.31,Clothing,False
T02198,C0230,2023-11-25,74.83,Electronics,False
T00928,C0152,2024-06-20,26.1,Beauty,False
T00981,C0120,2023-11-21,61.1,Clothing,False
T00253,C0438,2022-09-18,48.84,Clothing,False
T00191,C0085,2023-07-28,147.09,Home & Living,False
T01140,C0445,2022-09-26,56.34,Home & Living,False
T00993,C0049,2022-11-23,48.5,Home & Living,False
T00700,C0242,2024-05-26,54.32,Sports,False
T01988,C0091,2024-06-08,10.79,Electronics,False
T00607,C0169,2024-06-07,148.58,Clothing,False
T00181,C0124,2023-08-26,38.74,Electronics,False
T00302,C0357,2024-06-30,152.58,Home & Living,False
T00497,C0468,2024-04-18,201.99,Clothing,False
T02094,C0026,2024-03-04,195.09,Beauty,False
T00280,C0234,2023-10-31,85.8,Clothing,True
T01993,C0311,2024-04-01,44.64,Beauty,False
T02088,C0060,2024-01-02,91.11,Sports,False
T01965,C0126,2024-03-01,263.42,Beauty,False
T00518,C0077,2023-09-29,264.04,Electronics,False
T01397,C0325,2024-06-18,82.56,Beauty,False
T01070,C0140,2023-12-28,54.31,Sports,False
T00477,C0341,2022-11-22,477.12,Home & Living,False
T00158,C0022,2023-11-25,75.46,Electronics,False
T01244,C0484,2022-03-24,134.75,Sports,False
T01196,C0044,2023-05-21,74.57,Home & Living,False
T00017,C0048,2023-06-16,31.78,Clothing,False
T01536,C0218,2023-07-07,37.95,Clothing,True
T01073,C0487,2024-04-21,77.69,Clothing,False
T02200,C0209,2024-04-30,426.16,Clothing,False
T00547,C0077,2024-03-12,196.17,Home & Living,False
T01540,C0210,2023-06-08,46.57,Electronics,False
T00659,C0089,2024-05-30,33.12,Clothing,False
T01947,C0157,2023-11-02,19.14,Clothing,False
T01853,C0446,2023-11-22,180.96,Electronics,False
T01020,C0083,2023-12-26,181.52,Electronics,False
T01994,C0395,2024-06-02,152.68,Electronics,False
T01505,C0197,2022-07-18,50.6,Sports,False
T00960,C0429,2024-05-07,68.36,Electronics,False
T02155,C0049,2022-07-01,36.81,Food & Grocery,False
T00284,C0412,2024-05-06,58.39,Clothing,False
T01633,C0479,2023-10-22,183.47,Home & Living,False
T00798,C0430,2023-07-21,145.77,Clothing,False
T01948,C0048,2023-12-01,79.88,Home & Living,False
T00226,C0133,2023-01-14,91.7,Beauty,False
T00027,C0180,2022-03-14,67.01,Clothing,False
T02090,C0248,2022-09-09,27.75,Electronics,False
T01800,C0466,2023-12-22,97.29,Home & Living,False
T00438,C0435,2024-01-09,72.14,Food & Grocery,False
T02188,C0422,2024-04-22,32.13,Beauty,False
T01389,C0027,2024-04-03,123.1,Clothing,False
T00230,C0310,2023-09-04,15.76,Clothing,False
T00038,C0031,2023-09-12,68.75,Home & Living,False
T01694,C0079,2022-12-14,22.63,Home & Living,False
T00750,C0027,2024-02-11,43.77,Clothing,False
T01046,C0173,2024-03-16,319.16,Clothing,False
T01399,C0496,2024-01-02,155.75,Electronics,False
T00470,C0094,2023-07-30,120.72,Electronics,False
T01907,C0302,2024-01-04,66.19,Electronics,False
T02035,C0211,2024-01-15,163.69,Sports,False
T02197,C0272,2023-06-22,115.0,Clothing,False
T00688,C0484,2022-04-18,40.63,Clothing,False
T01057,C0482,2024-01-24,90.9,Clothing,False
T00640,C0370,2024-05-05,53.54,Clothing,False
T02053,C0096,2024-02-27,32.05,Food & Grocery,False
T01219,C0401,2023-10-31,185.9,Beauty,True
T01159,C0120,2023-10-05,193.61,Sports,False
T01416,C0361,2023-12-27,226.97,Home & Living,False
T01961,C0171,2024-04-01,63.52,Electronics,False
T01528,C0325,2023-08-06,42.93,Food & Grocery,False
T01940,C0210,2022-12-24,29.2,Beauty,False
T01986,C0363,2023-06-05,131.71,Beauty,False
T01301,C0363,2023-07-21,66.38,Home & Living,False
T02122,C0395,2024-01-17,268.94,Clothing,False
T00801,C0133,2022-07-13,46.99,Clothing,False
T01604,C0298,2024-05-21,341.66,Home & Living,False
T00161,C0085,2022-08-19,107.62,Home & Living,False
T01705,C0406,2024-03-15,89.19,Electronics,True
T00957,C0214,2023-12-03,173.8,Sports,False
T01744,C0274,2022-11-22,61.99,Beauty,False
T01187,C0077,2024-01-21,63.7,Sports,False
T00822,C0274,2024-01-11,329.84,Home & Living,False
T01730,C0166,2022-12-15,83.31,Home & Living,False
T02019,C0230,2023-05-19,64.61,Sports,False
T00878,C0422,2023-08-06,23.2,Electronics,False
T01920,C0309,2024-03-31,79.43,Clothing,False
T00914,C0033,2022-09-15,129.31,Clothing,False
T01885,C0177,2023-11-10,170.44,Clothing,False
T00153,C0126,2024-02-01,47.27,Beauty,False
T00099,C0152,2023-09-17,24.49,Food & Grocery,False
T02093,C0361,2024-05-25,209.64,Beauty,False
T00510,C0422,2024-04-27,261.68,Sports,False
T01136,C0497,2024-03-10,154.93,Clothing,False
T01251,C0124,2023-09-11,127.94,Home & Living,False
T01996,C0044,2023-01-16,17.17,Clothing,False
T01876,C0303,2024-03-27,239.64,Electronics,False
T00104,C0384,2024-06-25,125.71,Sports,False
T01446,C0380,2022-09-14,23.07,Home & Living,False
T01444,C0446,2024-02-15,126.14,Electronics,False
T01649,C0218,2024-06-09,66.65,Home & Living,False
T00587,C0438,2024-02-03,66.21,Clothing,False
T00628,C0096,2024-02-17,425.73,Food & Grocery,False
T01944,C0140,2023-06-15,70.93,Clothing,False
T01697,C0057,2023-11-09,101.61,Home & Living,False
T01144,C0125,2023-03-19,221.88,Home & Living,False
T00054,C0170,2022-11-03,123.9,Clothing,False
T00152,C0234,2024-03-29,241.53,Clothing,True
T00404,C0234,2024-03-07,163.63,Home & Living,False
T01155,C0133,2024-05-08,217.25,Beauty,True
T00208,C0333,2023-10-11,70.6,Home & Living,False
T02160,C0335,2023-05-11,21.17,Sports,False
T01683,C0375,2023-08-14,402.16,Home & Living,False
T01123,C0039,2023-11-05,187.9,Food & Grocery,False
T01257,C0415,2022-05-26,32.22,Electronics,True
T00009,C0276,2023-12-12,48.77,Home & Living,False
T01015,C0235,2024-06-27,117.92,Electronics,False
T02106,C0091,2022-12-14,53.23,Clothing,False
T01061,C0337,2024-01-05,234.97,Beauty,False
T00453,C0438,2023-10-24,206.62,Food & Grocery,False
T01676,C0121,2023-10-27,35.12,Clothing,False
T00254,C0171,2024-06-12,181.44,Clothing,False
T01328,C0083,2024-01-03,29.21,Clothing,False
T00897,C0381,2024-01-29,95.55,Home & Living,True
T02068,C0446,2023-05-22,86.43,Clothing,False
T00881,C0321,2024-02-26,193.11,Electronics,True
T01596,C0155,2023-09-28,13.36,Clothing,False
T02157,C0371,2022-09-17,42.84,Food & Grocery,False
T00624,C0351,2023-12-12,482.31,Home & Living,False
T00346,C0417,2024-06-12,176.52,Beauty,False
T02046,C0126,2023-11-10,102.05,Home & Living,False
T01788,C0455,2024-05-08,184.66,Electronics,False
T00263,C0218,2024-04-06,188.82,,False
T01635,C0071,2023-12-13,76.7,Food & Grocery,False
T01322,C0126,2024-01-27,17.78,Sports,False
T01439,C0500,2022-06-08,21.93,Food & Grocery,False
T00151,C0294,2023-03-26,72.39,Home & Living,False
T01970,C0025,2024-03-17,256.7,Electronics,False
T00473,C0175,2023-03-29,101.61,Beauty,False
T01977,C0473,2022-11-04,53.41,Electronics,False
T02012,C0211,2024-06-17,5500.0,Clothing,False
T01803,C0031,2023-01-29,134.17,Clothing,False
T00641,C0488,2023-12-25,114.0,Clothing,False
T00872,C0214,2023-12-01,64.08,Clothing,False
T02156,C0387,2024-03-10,308.39,Food & Grocery,False
T00551,C0012,2024-03-21,96.51,Home & Living,False
T02096,C0259,2023-07-28,385.99,Clothing,False
T01960,C0387,2023-06-07,155.99,Food & Grocery,False
T00929,C0464,2023-08-17,111.21,Beauty,False
T00489,C0027,2024-02-01,286.64,Food & Grocery,False
T01844,C0458,2024-05-26,74.67,Clothing,True
T01735,C0112,2024-06-20,51.11,Electronics,False
T02115,C0388,2023-11-07,284.05,Beauty,False
T01172,C0276,2023-08-13,30.37,Electronics,False
T00147,C0221,2022-11-30,81.19,Home & Living,False
T02192,C0384,2024-05-13,99.6,Food & Grocery,False
T01987,C0083,2024-05-26,144.27,,False
T01370,C0076,2024-06-22,47.37,Clothing,False
T00403,C0327,2023-07-26,54.62,Sports,False
T02171,C0108,2023-08-11,948.08,Electronics,False
T00955,C0206,2023-06-08,76.28,Electronics,False
T02152,C0048,2024-06-19,49.17,Home & Living,False
T00660,C0206,2023-05-27,72.81,Home & Living,False
T01795,C0374,2023-06-30,40.51,Clothing,False
T01373,C0380,2024-05-26,308.69,Clothing,False
T00464,C0234,2023-11-17,131.8,Home & Living,False
T01350,C0126,2024-05-24,281.38,Electronics,False
T00187,C0205,2024-06-16,72.25,Clothing,False
T01148,C0423,2022-10-02,178.68,,False
T01225,C0310,2024-06-10,127.94,Electronics,False
T00609,C0090,2023-05-16,106.07,Electronics,False
T00144,C0380,2023-05-11,140.17,Clothing,False
T00752,C0277,2024-05-21,83.99,Home & Living,True
T01535,C0214,2024-01-10,136.53,Electronics,False
T01931,C0398,2022-11-20,61.47,Home & Living,False
T00198,C0310,2024-01-13,43.64,Clothing,False
T00294,C0063,2023-03-19,37.1,Sports,False
T00767,C0210,2023-05-31,154.15,Clothing,False
T00401,C0155,2023-07-09,39.0,Clothing,False
T00123,C0096,2024-04-28,204.69,Electronics,False
T00203,C0078,2023-05-10,94.59,Electronics,False
T00836,C0464,2024-03-09,103.25,Beauty,False
T01440,C0099,2024-02-15,362.4,Clothing,False
T01734,C0120,2024-02-24,129.01,Food & Grocery,False
T01696,C0368,2023-05-30,348.92,Beauty,False
T01708,C0227,2024-01-01,47.24,Home & Living,False
T02154,C0015,2022-09-13,18.97,,False
T01154,C0228,2024-01-16,146.39,Electronics,False
T01662,C0394,2024-02-02,390.38,Home & Living,False
T01760,C0465,2024-02-01,87.78,Sports,False
T00855,C0489,2023-02-01,132.05,Sports,False
T01590,C0126,2023-11-15,77.98,Clothing,False
T00642,C0276,2024-02-23,74.4,Sports,False
T00002,C0293,2023-03-02,17.12,Sports,False
T00699,C0152,2022-06-04,70.75,Clothing,False
T01637,C0274,2023-04-28,308.37,Clothing,True
T01292,C0394,2023-10-16,195.61,Clothing,False
T02114,C0124,2024-03-15,75.14,Beauty,False
T01521,C0099,2024-05-16,69.95,Electronics,False
T01854,C0310,2024-02-16,161.69,Sports,False
T01137,C0108,2024-01-27,42.81,Home & Living,False
T02143,C0199,2024-02-19,62.47,Food & Grocery,False
T01632,C0017,2024-02-06,62.61,Beauty,False
T01999,C0293,2024-04-10,45.44,Clothing,False
T00664,C0308,2023-11-23,234.52,Food & Grocery,False
T00684,C0294,2024-03-20,16.46,Electronics,True
T01258,C0424,2024-04-29,293.16,Clothing,False
T00318,C0402,2024-01-14,88.6,Electronics,False
T00649,C0392,2024-01-14,782.44,Home & Living,False
T01435,C0017,2022-11-22,20.65,Sports,False
T01480,C0251,2023-09-01,87.08,Electronics,False
T00710,C0155,2023-12-20,66.07,Clothing,False
T01283,C0090,2023-12-02,29.76,Home & Living,False
T01769,C0123,2024-05-05,85.3,Home & Living,False
T00973,C0196,2024-06-02,401.37,Home & Living,False
T01307,C0327,2023-12-16,45.61,Sports,False
T01401,C0112,2023-11-17,70.65,Home & Living,False
T01409,C0208,2023-09-09,107.2,Clothing,False
T01497,C0099,2024-04-02,32.61,Clothing,False
T02039,C0126,2024-04-19,372.56,Electronics,False
T01530,C0221,2022-11-15,51.62,Home & Living,False
T01664,C0229,2024-02-06,140.57,Clothing,False
T01355,C0445,2023-12-22,101.12,Clothing,True
T02162,C0374,2023-12-03,81.93,Beauty,False
T02177,C0022,2024-04-13,87.42,Electronics,False
T01644,C0229,2024-03-12,343.19,Home & Living,False
T01052,C0482,2024-04-28,99.55,Clothing,False
T00796,C0417,2024-01-18,178.84,Clothing,False
T01598,C0012,2024-04-07,133.43,Beauty,True
T01820,C0069,2023-02-07,18.89,Electronics,False
T01723,C0083,2024-04-08,50.24,Beauty,False
T01184,C0380,2023-03-03,78.88,Beauty,False
T01060,C0247,2024-06-08,269.37,Sports,False
T00541,C0134,2023-01-26,88.2,Clothing,False
T01679,C0358,2024-03-03,56.68,Electronics,False
T01758,C0048,2024-06-09,698.13,Beauty,False
T01924,C0267,2024-06-04,53.44,Electronics,False
T00096,C0489,2024-05-25,36.34,Electronics,False
T01021,C0180,2022-11-18,194.67,Electronics,False
T00564,C0093,2023-01-26,55.53,Electronics,False
T00864,C0368,2024-03-12,72.23,Home & Living,False
T01485,C0380,2022-12-05,41.16,Clothing,False
T01882,C0442,2024-02-08,64.64,Electronics,False
T01039,C0276,2024-04-30,70.88,Clothing,False
T00207,C0318,2024-06-16,267.89,Clothing,False
T00393,C0026,2023-12-12,78.41,Electronics,False
T00871,C0133,2022-08-26,24.36,Beauty,True
T00398,C0027,2023-03-14,208.32,Home & Living,False
T02131,C0292,2023-11-14,10.0,Food & Grocery,False
T01029,C0387,2023-01-14,88.37,Clothing,False
T01486,C0293,2024-02-19,379.47,Electronics,False
T00961,C0153,2023-12-30,82.14,Electronics,False
T01571,C0057,2024-05-11,345.57,Food & Grocery,False
T01896,C0294,2024-03-02,22.63,Home & Living,False
T00805,C0327,2023-12-04,268.93,Beauty,False
T01752,C0361,2024-04-19,262.82,Home & Living,False
T00503,C0372,2024-02-21,90.55,Beauty,True
T00780,C0410,2023-10-24,536.57,Beauty,False
T01864,C0158,2023-02-15,92.4,Beauty,False
T00201,C0455,2023-06-17,86.75,Electronics,False
T02089,C0063,2022-09-27,19.42,,False
T01797,C0234,2024-04-03,97.09,Electronics,False
T00379,C0363,2023-03-07,33.58,Clothing,False
T00419,C0351,2023-09-23,30.61,Sports,False
T01699,C0390,2024-01-16,54.9,Food & Grocery,False
T00392,C0057,2024-01-14,124.62,Food & Grocery,False
T01523,C0303,2024-05-03,159.52,Clothing,False
T01163,C0415,2023-07-20,66.0,Sports,False
T01496,C0112,2024-06-14,385.06,Clothing,False
T02028,C0398,2023-06-04,491.42,Electronics,False
T01153,C0111,2022-08-14,33.39,Electronics,False
T01368,C0133,2023-04-13,87.09,,False
T00065,C0198,2024-04-03,942.49,Home & Living,False
T02063,C0410,2024-05-13,76.45,Sports,False
T01181,C0263,2023-11-18,42.92,Clothing,False
T00493,C0160,2023-04-28,81.07,Clothing,False
T00380,C0083,2024-06-09,192.86,Home & Living,True
T00764,C0349,2023-12-28,96.12,Clothing,False
T00792,C0063,2024-05-16,91.86,Home & Living,False
T01077,C0494,2024-05-17,54.32,,False
T00879,C0078,2023-05-18,173.5,Electronics,False
T00338,C0015,2023-07-15,53.45,Beauty,False
T01017,C0296,2023-12-04,79.39,Beauty,False
T01276,C0405,2023-10-26,69.34,Clothing,False
T00456,C0263,2024-03-10,11.67,Sports,False
T00816,C0495,2023-05-15,54.01,Clothing,False
T00996,C0255,2024-03-05,128.87,Electronics,False
T01982,C0357,2023-04-21,123.53,Electronics,False
T00202,C0019,2024-01-28,98.62,Electronics,False
T00162,C0214,2024-05-18,34.51,Clothing,False
T01580,C0426,2022-09-29,39.55,Electronics,False
T00703,C0089,2024-05-20,68.87,Clothing,False
T01501,C0080,2024-02-22,175.3,Clothing,False
T01130,C0133,2023-06-19,69.96,Clothing,False
T01022,C0155,2023-12-13,70.5,Beauty,False
T01586,C0361,2024-03-13,43.05,Clothing,False
T01956,C0209,2024-04-07,63.64,Clothing,False
T00035,C0415,2023-01-05,20.55,Beauty,False
T00776,C0296,2024-03-03,128.18,,True
T01479,C0170,2023-10-30,65.52,Electronics,False
T01391,C0425,2023-10-23,88.86,,False
T02140,C0355,2024-03-16,220.79,Sports,False
T01364,C0466,2023-05-26,171.68,,False
T02042,C0200,2024-05-31,94.82,Clothing,False
T00242,C0096,2024-06-17,65.51,Home & Living,False
T02062,C0160,2023-06-20,14.59,Clothing,False
T00601,C0189,2023-07-25,92.16,Beauty,False
T01298,C0361,2024-04-10,199.69,Electronics,False
T02069,C0368,2024-05-03,102.36,Electronics,False
T00647,C0061,2024-02-22,14.25,,False
T01529,C0210,2022-12-11,22.1,Home & Living,False
T01268,C0112,2024-03-04,299.07,Electronics,False
T01900,C0049,2023-11-04,155.95,Electronics,False
T00563,C0251,2024-06-26,48.73,Electronics,False
T00190,C0049,2022-09-28,92.5,,False
T01807,C0363,2023-03-10,56.67,Sports,False
T00976,C0278,2023-09-06,35.96,Home & Living,False
T02048,C0148,2024-01-16,296.39,Clothing,False
T01083,C0330,2024-05-26,261.4,Beauty,False
T00475,C0263,2024-04-18,48.13,Clothing,True
T00748,C0121,2024-03-21,10.0,,False
T00022,C0183,2024-02-07,62.99,,False
T00460,C0412,2023-07-14,79.59,Clothing,False
T01185,C0082,2024-05-27,92.33,Clothing,True
T00956,C0252,2023-06-05,39.46,Home & Living,False
T01216,C0022,2023-09-20,216.76,Clothing,False
T01516,C0209,2023-12-20,167.59,Clothing,False
T00770,C0126,2024-04-25,124.29,Sports,False
T01686,C0112,2023-11-10,127.7,Home & Living,False
T00131,C0079,2023-11-03,317.03,Clothing,False
T02136,C0227,2023-11-20,64.38,Clothing,False
T01483,C0392,2024-01-02,45.48,Home & Living,False
T00331,C0124,2024-02-13,64.79,Home & Living,False
T01239,C0453,2024-03-07,182.01,Clothing,False
T00467,C0438,2023-04-01,117.01,Clothing,False
T02170,C0078,2024-06-23,61.63,Clothing,False
T01639,C0321,2023-03-15,71.83,Beauty,False
T01096,C0094,2023-02-27,7200.0,Clothing,False
T01131,C0388,2023-11-15,74.21,Food & Grocery,False
T01295,C0293,2022-11-07,26.97,Electronics,False
T00861,C0468,2024-04-09,109.9,Clothing,False
